player_id,name,position,team,age,height,bats,throws,experience,games,at_bats,plate_appearances,singles,doubles,triples,homeruns,runs_batted_in,sac_fly,sac_hits,strikeouts,walks,ground_dbl_play,hit_by_pitch,int_walks,pitches_seen_ab,wpa,war,contact,gap,power,eye,avoid_k,infield_range,infield_error,infield_arm,turn_dp,outfield_range,outfield_error,outfield_arm,catcher_ability,catcher_arm,P,C,1B,2B,3B,SS,LF,CF,RF,speed,steal,run,sacBunt,bunthit,int_neutral,int_high,we_neutral,we_high,greed_neutral,greed_high,loyalty_neutral,loyalty_high,leader_neutral,leader_high,avg,obp,slg,ops,iso,babip
200,Luis Bueno,3B,FLA,28,195,R,R,11,32,122,142,20,10,0,5,15,2,0,24,15,2,3,0,4.65,0.4884,1.1697,14,14,11,13,16,9,13,18,8,1,6,12,1,3,0,0,0,0,13,0,0,0,0,3,17,18,7,7,1,0,1,0,0,1,1,0,1,0,0.287,0.373,0.492,0.865,0.205,0.316
314,Luis Morales,SS,LAD,21,184,S,R,6,17,64,68,13,3,0,0,5,0,0,21,3,0,1,0,3.84,0.1147,-0.1204,12,16,2,8,11,16,11,10,13,14,11,12,1,1,0,0,16,4,0,12,13,2,1,20,15,18,10,6,0,1,0,1,1,0,1,0,1,0,0.250,0.294,0.297,0.591,0.047,0.372
549,Luis Benavides,1B,BOS,27,190,R,R,11,10,36,39,7,1,0,0,1,0,0,6,2,1,1,0,3.64,-0.2707,-0.2028,13,10,16,6,14,6,12,5,5,2,10,2,1,1,0,0,13,0,0,0,0,0,0,4,1,1,7,1,1,0,0,0,0,1,0,0,0,0,0.222,0.282,0.250,0.532,0.028,0.267
778,Sergio Rivera,RF,DET,26,191,L,L,11,31,126,141,16,15,0,8,28,0,0,22,10,0,5,0,4.38,1.9217,1.2652,16,16,16,13,15,1,5,14,2,8,16,18,1,1,0,0,2,0,0,0,0,0,10,7,17,20,2,1,1,0,1,0,0,1,1,0,1,0,0.310,0.383,0.619,1.002,0.310,0.323
789,Luis Villalobos,3B,PIT,25,187,L,R,9,26,85,91,14,6,0,2,15,1,0,33,5,1,0,1,4.32,0.0654,-0.0709,14,16,12,9,14,8,10,16,6,4,8,13,1,2,0,0,14,0,9,0,0,0,0,1,1,1,6,1,1,0,1,0,1,0,1,0,1,0,0.259,0.297,0.400,0.697,0.141,0.392
800,Zachariah Doubleday,SS,MTL,26,191,R,R,11,18,30,36,6,0,0,0,2,1,0,8,5,1,0,0,4.93,-0.4464,-0.0474,9,12,6,5,9,13,20,20,20,1,11,16,1,1,0,0,0,0,20,15,0,0,0,17,20,20,16,3,1,0,0,1,0,0,1,0,0,1,0.200,0.306,0.200,0.506,0.000,0.261
816,Juan Ramirez,CF,MIN,22,187,R,R,6,32,118,140,16,4,0,11,17,0,0,23,17,2,5,1,4.50,0.1379,1.1774,13,15,13,12,16,2,3,15,2,16,14,17,1,1,0,0,1,0,0,0,17,13,7,19,19,18,4,9,1,0,1,0,0,1,1,0,1,0,0.263,0.379,0.576,0.955,0.314,0.238
910,Gilberto Ortis,C,LAA,27,184,R,R,11,13,43,45,8,1,0,1,5,0,0,13,2,0,0,1,3.77,-0.0253,-0.0206,9,11,6,7,13,1,4,5,2,1,3,4,18,12,0,17,0,0,0,0,0,0,0,15,1,5,10,5,1,0,0,1,0,1,1,0,0,0,0.233,0.267,0.326,0.592,0.093,0.310
962,Juan Maldonado,1B,LAD,26,185,L,R,11,26,73,80,7,3,0,7,20,1,0,16,5,5,1,0,4.16,0.2584,0.3979,12,15,15,10,14,8,7,5,3,1,3,3,1,1,0,0,12,0,0,0,0,0,0,7,14,14,15,1,1,0,1,0,1,0,0,0,1,0,0.233,0.288,0.562,0.849,0.329,0.196
964,Aydan Jesso,CF,VAN,27,185,R,R,11,21,52,60,7,3,0,2,4,0,0,17,7,1,1,1,4.81,0.2239,0.2617,11,13,10,10,10,11,8,12,9,19,18,19,1,1,0,0,0,0,0,0,20,19,20,16,18,10,5,7,1,0,1,0,0,0,1,0,1,0,0.231,0.333,0.404,0.737,0.173,0.303
1021,Esteban Aleman,RF,WAS,25,196,L,L,9,28,96,104,11,2,0,4,11,0,0,28,7,0,1,0,4.18,-0.2906,-0.4542,12,14,13,12,11,3,4,9,1,12,15,19,1,1,0,0,0,0,0,0,3,0,16,11,11,1,3,2,0,1,0,1,1,0,1,0,1,0,0.177,0.240,0.323,0.563,0.146,0.203
1056,Jayden Anscombe,3B,BOS,26,189,R,R,11,23,87,92,11,7,0,3,9,0,1,30,3,1,1,0,3.60,-0.5051,0.4615,12,15,11,7,14,15,16,18,16,3,9,13,1,1,0,0,0,16,18,8,0,0,0,5,4,1,6,1,0,0,0,0,0,0,0,0,1,0,0.241,0.275,0.425,0.700,0.184,0.333
1173,Sang-kuk Mihn,1B,TOR,27,187,R,R,11,33,129,158,15,5,0,9,24,2,0,22,27,4,0,1,5.46,0.5573,0.6135,14,11,15,16,15,1,10,7,4,1,4,2,1,1,0,0,7,0,0,0,0,0,0,3,3,8,5,2,1,0,1,0,1,0,1,0,0,1,0.225,0.354,0.473,0.827,0.248,0.200
1283,Luis Ibarra,SS,VAN,27,183,S,R,9,15,21,22,4,0,0,1,4,0,0,6,1,0,0,0,3.81,-0.2744,-0.0129,10,13,11,11,12,12,16,17,15,5,5,15,1,1,0,0,0,15,0,11,0,0,0,14,11,7,6,1,1,0,1,0,0,1,1,0,1,0,0.238,0.273,0.381,0.654,0.143,0.286
1299,Chiel de Roos,CF,OAK,28,184,L,L,11,24,73,80,10,3,1,4,7,0,0,30,7,0,0,0,4.48,0.0924,0.5384,9,13,11,12,8,9,13,8,1,17,17,16,1,2,0,0,0,0,0,0,4,16,0,18,13,5,3,4,1,0,1,0,0,0,1,0,0,1,0.247,0.313,0.479,0.792,0.233,0.359
1425,Juan Figueroa,CF,WAS,24,188,L,R,9,31,114,125,28,8,1,3,20,4,0,14,6,2,1,0,3.48,0.5923,1.1637,14,15,12,5,18,5,4,9,6,17,18,17,1,1,0,0,0,0,0,0,19,16,20,18,5,17,7,5,1,0,1,0,1,0,0,0,0,0,0.351,0.376,0.518,0.894,0.167,0.366
1592,Harland Sweetapple,2B,PHI,24,190,S,R,7,17,65,76,9,3,0,2,11,1,0,16,9,0,1,0,4.52,0.1181,0.0514,14,16,16,11,12,11,15,10,14,10,13,7,1,1,0,0,0,13,0,4,0,0,1,9,18,13,6,1,1,0,0,1,1,0,1,0,0,0,0.215,0.316,0.354,0.670,0.138,0.250
24816,Kieron Bobberson,SS,FLA,24,183,R,R,8,32,103,117,13,6,0,1,7,0,1,39,13,2,0,0,4.42,-0.313,-0.0439,9,9,7,12,10,16,17,14,18,8,9,12,1,1,0,0,0,14,1,16,0,0,0,18,19,18,6,1,0,0,0,1,0,0,0,1,1,0,0.194,0.284,0.282,0.566,0.087,0.302
40465,Josh Pigott,RF,LVS,26,186,L,L,8,31,126,143,20,12,0,4,14,1,0,32,7,2,9,0,3.85,0.9223,0.4068,15,16,15,9,16,11,13,11,1,5,11,17,1,1,0,0,0,0,0,0,0,0,7,6,11,6,4,1,1,0,0,1,1,0,1,0,1,0,0.286,0.364,0.476,0.840,0.190,0.352
36438,Dan Marion,SS,TOR,23,187,L,R,6,26,80,96,8,5,0,2,8,0,0,29,16,3,0,0,5.66,-0.2149,-0.0662,9,13,11,18,10,16,14,15,11,5,11,13,1,1,0,0,0,15,12,13,0,0,0,6,7,3,4,5,1,0,0,0,1,0,1,0,1,0,0.188,0.323,0.325,0.648,0.138,0.265
35503,Ezequiel Medina,LF,SF,28,179,L,L,10,27,78,99,8,7,0,3,16,0,0,33,17,1,4,2,5.47,0.7636,0.5339,11,12,16,14,10,1,2,5,1,8,13,12,1,1,0,0,0,0,0,0,9,0,0,1,12,13,6,1,1,0,0,1,0,0,1,0,1,0,0.231,0.394,0.436,0.830,0.205,0.357
19680,Jim Mauritz,3B,MIL,28,182,S,R,11,31,114,120,11,7,0,9,14,1,0,27,5,6,0,0,3.73,-1.0807,0.5822,13,13,14,9,14,9,13,20,8,1,6,17,1,1,0,0,0,0,14,0,0,0,0,5,4,3,5,1,1,0,1,0,1,0,0,0,1,0,0.237,0.267,0.535,0.802,0.298,0.228
41979,Eric Stevens,3B,NYY,32,190,S,R,14,22,74,90,7,2,1,3,10,1,0,23,10,3,5,1,4.64,-0.4192,0.3485,11,11,11,12,12,14,20,20,11,1,11,11,1,1,0,0,15,0,19,13,0,0,0,9,18,20,5,1,0,1,1,0,1,0,0,1,0,1,0.176,0.311,0.351,0.662,0.176,0.204
19401,Alpha Etta,SS,DET,29,184,R,R,11,28,101,109,22,6,2,0,8,1,0,10,5,2,2,1,3.41,-0.0391,0.385,10,10,2,7,17,17,20,15,20,9,7,13,1,1,0,0,0,20,0,19,0,0,0,5,15,17,12,6,1,0,1,0,0,1,1,0,1,0,0.297,0.339,0.396,0.735,0.099,0.326
35565,Zion Freemont,C,MIN,29,182,L,R,10,19,61,70,9,4,0,4,6,1,0,15,6,2,2,0,4.41,0.3981,0.734,11,15,11,10,13,1,4,9,2,1,5,9,11,14,0,13,0,0,0,0,0,0,0,1,2,5,6,1,1,0,1,0,0,1,0,0,0,0,0.279,0.357,0.541,0.898,0.262,0.302
36599,Ismael Albarado,2B,LAD,32,187,R,R,16,28,99,107,23,9,1,0,4,1,0,10,7,3,0,1,3.31,-0.4574,0.7149,14,16,1,8,18,13,14,10,12,1,7,2,1,1,0,0,12,14,0,10,0,0,0,18,18,5,10,8,1,0,0,1,1,0,1,0,1,0,0.333,0.374,0.444,0.818,0.111,0.367
40652,Bobby Szumski,C,CAR,24,194,L,R,6,28,91,105,11,4,0,5,19,4,0,20,8,2,2,0,4.11,1.0507,0.3334,12,13,9,11,13,3,6,3,2,7,4,3,19,8,0,14,0,0,0,0,0,0,0,1,1,1,6,4,1,0,0,1,1,0,1,0,1,0,0.220,0.286,0.429,0.714,0.209,0.214
26139,Jean-Claude Legrand,1B,CLE,23,192,L,R,6,31,129,138,17,5,1,11,28,1,0,40,7,1,1,0,4.34,1.3433,1.0537,15,15,14,10,11,12,12,14,14,8,10,10,1,1,0,0,19,13,4,0,0,0,0,19,19,20,7,9,0,1,1,0,0,0,1,0,1,0,0.264,0.304,0.574,0.878,0.310,0.291
39299,J.J. Kross,LF,FLA,28,185,L,R,10,24,19,27,4,0,0,0,1,1,0,8,7,0,0,0,6.37,-0.0021,0.0652,10,14,14,17,13,10,8,7,8,14,13,14,1,1,0,0,1,0,0,0,16,0,0,11,16,8,4,8,1,0,0,1,1,0,1,0,0,1,0.211,0.407,0.211,0.618,0.000,0.333
20241,Aidan Broderick,LF,WAS,30,188,S,R,11,31,109,132,15,4,0,8,28,2,0,42,20,2,1,1,5.29,1.3035,0.9099,13,13,18,14,8,1,2,3,1,12,16,18,1,1,0,0,0,0,0,0,16,4,15,17,20,20,6,1,0,1,1,0,1,0,0,1,0,1,0.248,0.364,0.505,0.868,0.257,0.311
23522,Mike Lanoix,2B,CAR,27,184,L,R,9,27,74,76,17,3,3,0,5,0,0,16,1,1,1,0,3.57,0.4183,0.4553,12,13,3,8,16,13,16,11,19,3,8,6,1,1,0,0,0,17,12,11,0,0,0,17,20,20,17,15,1,0,0,1,0,0,1,0,1,0,0.311,0.329,0.432,0.761,0.122,0.397
29352,Ernesto Argomaniz,SS,CAR,25,184,R,R,4,32,118,129,21,4,1,2,16,2,0,25,8,4,1,0,3.99,-0.2744,0.0311,14,13,6,9,16,16,17,13,18,10,19,11,1,1,0,0,0,18,11,16,0,0,0,13,16,18,4,4,1,0,1,0,1,0,1,0,1,0,0.237,0.287,0.339,0.626,0.102,0.280
32565,Alfredo Arellano,DH,OAK,24,187,R,R,8,31,115,123,11,7,0,4,16,0,0,41,7,2,1,0,4.20,-0.5188,-0.5033,12,10,18,11,11,3,5,6,4,1,4,3,1,1,0,0,6,0,0,0,0,0,0,1,16,20,20,2,1,0,1,0,1,0,1,0,1,0,0.191,0.244,0.357,0.600,0.165,0.257
40668,Mike Schwindt,RF,SEA,26,183,L,L,8,31,121,127,24,3,0,6,25,0,0,18,5,2,1,0,3.46,0.0717,0.2427,14,15,11,7,16,12,11,11,1,12,17,18,1,1,0,0,4,0,0,0,16,4,15,18,17,12,3,8,1,0,1,0,0,0,0,1,1,0,0.273,0.307,0.446,0.753,0.174,0.278
40963,Jorge Rojas,SS,BOS,26,189,S,R,8,30,105,115,16,7,1,1,7,0,1,33,6,3,3,0,4.02,-0.4555,0.3548,9,12,3,9,12,16,20,20,20,1,11,15,1,1,0,0,0,0,0,18,0,0,0,9,12,17,5,1,1,0,1,0,1,0,1,0,1,0,0.238,0.298,0.352,0.651,0.114,0.338
42762,Juan Cuevas,C,MIL,27,184,L,R,11,9,21,25,4,4,0,0,2,1,0,8,3,0,0,0,4.38,0.0226,0.3385,9,12,9,13,10,5,9,7,2,3,2,6,14,13,0,15,0,0,0,0,0,0,0,2,5,1,6,1,0,0,0,0,1,0,1,0,1,0,0.381,0.440,0.571,1.011,0.190,0.571
23552,Jelfry Marte,SS,PIT,33,181,S,R,25,27,99,109,11,3,1,0,10,1,0,29,9,2,0,0,4.24,-1.2506,-0.5258,10,10,6,10,11,16,19,19,19,1,1,1,1,1,0,0,0,0,6,18,0,0,0,16,20,20,14,8,1,0,0,1,1,0,0,1,1,0,0.152,0.220,0.202,0.422,0.051,0.211
35292,J.J. Shelby,3B,BAL,29,189,R,R,11,31,120,134,13,3,0,10,17,0,0,38,12,0,2,0,4.35,0.0824,0.7601,12,15,17,12,10,9,13,20,9,5,8,17,1,1,0,0,0,0,14,0,0,0,0,10,10,16,5,1,1,0,1,0,0,1,1,0,0,0,0.217,0.299,0.492,0.790,0.275,0.222
42425,Nate Watson,2B,VAN,21,186,S,R,4,28,87,97,15,3,1,3,9,0,0,20,10,2,0,1,4.08,-0.2664,0.3518,13,15,11,11,14,15,13,10,16,13,8,8,1,1,0,0,0,16,0,9,0,0,0,10,6,1,5,6,1,0,0,1,1,0,1,0,0,1,0.253,0.330,0.414,0.744,0.161,0.297
22708,T.J. Foresman,3B,NSH,26,181,R,R,9,29,109,121,15,8,0,3,10,1,0,37,11,3,0,0,4.96,-0.4512,0.5009,12,17,14,15,9,7,11,18,11,1,7,12,1,1,0,0,10,0,12,0,0,0,0,12,4,1,6,1,1,0,1,0,0,1,0,0,0,0,0.239,0.306,0.394,0.700,0.156,0.329
38332,Ken Sytsma,SS,OAK,22,189,R,R,5,13,50,54,6,3,0,1,3,0,0,14,3,3,1,0,4.20,-0.5406,-0.1626,13,15,8,9,14,17,19,15,15,5,14,13,1,1,0,0,0,6,0,15,0,0,0,15,19,18,1,1,1,0,0,0,0,1,0,0,0,0,0.200,0.259,0.320,0.579,0.120,0.257
39855,Ukyou Sloley,2B,MIN,27,190,R,R,8,17,48,51,3,1,0,0,1,0,0,21,2,0,1,0,3.98,-0.878,-0.912,10,12,12,8,13,13,17,10,14,9,13,6,1,1,0,0,0,15,2,0,0,0,0,5,11,5,6,1,1,0,1,0,1,0,1,0,1,0,0.083,0.137,0.104,0.241,0.021,0.148
41993,Gerrie de Zeeuw,C,MTL,23,185,R,R,8,27,94,106,15,7,0,4,12,1,0,13,11,4,0,1,3.80,0.1149,0.7462,13,17,9,9,16,1,5,5,2,1,5,2,18,9,0,15,0,0,0,0,0,0,0,1,1,4,8,1,1,0,1,0,1,0,1,0,1,0,0.277,0.349,0.479,0.828,0.202,0.282
42672,Jorge Mendoza,2B,SEA,29,190,S,R,13,16,45,49,6,3,0,0,5,3,0,11,1,2,0,0,3.62,-0.2493,-0.4335,14,14,3,11,17,8,16,13,14,1,11,4,1,1,0,0,2,11,0,0,0,0,0,15,20,15,4,1,0,0,0,0,1,0,1,0,1,0,0.200,0.204,0.267,0.471,0.067,0.243
38387,Amare Armwood,C,NSH,27,191,L,R,9,21,73,82,12,7,0,2,10,0,1,19,8,2,0,1,4.90,0.1432,0.5297,10,16,7,14,11,2,2,5,1,1,7,6,15,11,0,14,0,0,0,0,0,0,0,4,4,2,6,4,0,0,1,0,0,1,1,0,0,0,0.288,0.358,0.466,0.824,0.178,0.365
40647,Luis Balderas,SS,HOU,33,186,R,R,17,16,52,56,8,2,1,0,5,0,1,11,3,3,0,0,3.56,-0.1567,-0.3868,10,13,8,9,14,14,17,20,19,1,12,15,1,2,0,0,0,13,11,14,0,0,0,14,7,1,5,5,1,0,0,1,0,0,1,0,1,0,0.212,0.255,0.288,0.543,0.077,0.268
32922,David Dahl,LF,NYY,40,188,L,R,18,29,116,131,12,7,2,6,16,0,1,37,12,2,2,0,4.47,0.2477,0.4267,13,13,14,11,10,1,0,0,0,13,14,18,1,0,0,0,0,0,0,0,17,9,0,10,18,19,10,4,0,1,1,0,1,0,0,1,1,0,0.233,0.315,0.483,0.798,0.250,0.288
37527,Josh Oglesbee,CF,PHI,24,189,L,L,6,26,40,43,4,4,2,1,4,0,0,10,3,0,0,0,3.55,0.2519,0.3698,12,14,12,10,12,16,11,4,1,17,15,13,1,1,0,0,0,0,0,0,20,16,0,20,19,19,5,2,1,0,1,0,0,0,0,1,0,1,0.275,0.326,0.550,0.876,0.275,0.345
40056,Steve Hale,LF,OAK,27,197,L,L,9,29,90,118,14,3,0,5,13,1,0,25,24,2,3,0,6.16,1.0074,0.7178,14,10,14,20,15,1,1,4,1,8,18,11,1,1,0,0,0,0,0,0,10,0,6,8,5,2,8,2,0,1,1,0,1,0,1,0,0,0,0.244,0.415,0.444,0.860,0.200,0.279
20802,Kevin Royes,RF,STL,26,187,R,R,9,31,119,132,22,7,1,3,22,1,0,25,10,2,2,0,4.07,0.4046,0.2462,15,17,14,10,13,1,3,18,2,12,16,20,1,1,0,0,0,0,0,0,0,5,16,13,18,12,6,1,0,1,0,1,1,0,0,1,1,0,0.277,0.341,0.429,0.769,0.151,0.326
22957,Dave Blomenkamp,1B,MIL,27,199,L,L,9,32,111,132,8,3,1,8,14,1,0,37,16,0,4,1,4.86,0.0728,0.4532,11,14,18,12,10,6,7,11,2,3,9,9,1,1,0,0,13,0,0,0,0,0,0,11,10,4,5,1,1,0,1,0,0,1,1,0,0,0,0.180,0.303,0.441,0.744,0.261,0.179
43496,Juan Corona,2B,FLA,28,192,R,R,12,32,117,140,18,5,0,4,19,0,0,32,20,2,2,0,4.53,0.5178,0.1851,11,9,17,12,15,11,15,10,14,2,12,2,1,1,0,0,0,12,0,0,0,0,0,15,17,7,12,4,1,0,0,1,0,0,1,0,0,1,0.231,0.353,0.376,0.729,0.145,0.284
23463,Steve Marero,1B,LAD,29,185,R,R,12,29,107,112,15,9,0,4,12,0,0,21,5,3,0,1,3.69,-0.1921,0.2244,15,15,12,8,17,7,11,14,9,1,10,10,1,1,0,0,13,7,9,0,0,0,0,2,15,11,2,1,1,0,0,1,1,0,1,0,1,0,0.262,0.295,0.458,0.753,0.196,0.293
27961,Buddie Conrad,LF,OAK,27,188,R,R,10,9,29,29,3,1,0,3,9,0,0,10,0,1,0,0,3.00,0.1068,0.1382,13,14,13,11,10,1,2,12,2,12,7,20,1,1,0,0,0,0,0,0,15,0,15,5,15,20,5,1,1,0,1,0,1,0,1,0,1,0,0.241,0.241,0.586,0.828,0.345,0.250
36119,Chris Kroetch,1B,FLA,25,187,L,L,7,32,126,139,13,4,1,12,27,1,0,40,11,4,1,0,4.29,-0.1592,0.9848,14,17,15,12,12,7,8,9,2,4,2,2,1,1,0,0,12,0,0,0,0,0,0,4,4,1,10,1,1,0,1,0,1,0,1,0,1,0,0.238,0.302,0.571,0.874,0.333,0.240
39414,M.J. Melendez,C,CLE,36,185,L,R,18,26,82,98,13,3,0,8,19,1,3,36,12,0,0,0,4.51,0.6085,1.352,10,12,10,11,4,1,2,2,7,1,5,3,13,17,0,17,0,0,0,0,0,0,0,8,9,20,15,6,1,0,1,0,0,1,1,0,0,1,0.293,0.379,0.622,1.001,0.329,0.410
39862,Josh Thomson,C,OAK,25,190,R,R,8,10,32,36,3,1,0,0,2,0,0,9,3,1,1,0,4.69,-0.3869,-0.1392,10,16,10,12,14,1,4,5,2,1,8,6,12,15,0,15,0,0,0,0,0,0,0,1,9,4,6,1,1,0,1,0,0,1,1,0,1,0,0.125,0.222,0.156,0.378,0.031,0.174
39881,Ricky Hamilton,C,VAN,28,195,L,R,8,28,102,117,14,6,0,7,18,1,0,25,11,4,3,0,4.50,0.4283,1.121,15,14,13,11,15,8,7,8,2,7,7,7,10,12,0,10,0,0,0,0,0,0,0,7,1,6,5,1,1,0,0,1,1,0,1,0,0,1,0.265,0.350,0.529,0.880,0.265,0.282
42681,Luis Esqueda,SS,PHI,29,186,R,R,13,20,54,66,5,3,0,2,6,1,0,10,11,2,0,2,4.67,-0.0832,0.0483,10,10,13,12,16,18,14,20,20,4,7,15,1,1,0,0,0,20,14,18,0,0,0,11,16,3,19,1,0,0,0,1,1,0,1,0,1,0,0.185,0.318,0.352,0.670,0.167,0.186
43150,Gilberto Carrera,3B,BOS,26,188,R,R,11,14,42,47,4,1,0,2,6,0,0,4,5,2,0,0,3.86,0.3449,-0.1387,15,14,12,11,16,10,12,16,9,1,15,12,1,1,0,0,11,0,11,0,0,0,0,8,1,1,8,3,1,0,0,1,1,0,0,1,1,0,0.167,0.255,0.333,0.589,0.167,0.139
28033,Mickey Moniak,LF,CLE,36,188,L,R,18,4,19,20,4,4,0,0,2,0,0,7,0,0,1,0,3.84,-0.0698,0.3162,14,13,11,14,11,1,1,1,1,13,16,14,1,1,0,0,0,0,0,0,16,8,1,13,19,17,13,3,1,0,0,1,0,0,0,1,0,1,0.421,0.450,0.632,1.082,0.211,0.667
32121,Camden Legault,1B,PIT,27,189,S,R,10,24,47,53,7,2,0,2,2,0,0,13,5,1,1,0,4.11,-0.3321,-0.167,11,12,14,10,14,11,11,16,7,3,6,11,1,3,0,0,17,0,0,0,0,0,0,3,1,1,5,4,1,0,0,1,1,0,1,0,1,0,0.234,0.321,0.404,0.725,0.170,0.281
31211,Sean Doherty,1B,CAR,23,189,S,R,5,32,123,149,37,5,0,2,5,0,1,12,23,1,2,3,4.89,0.9729,1.724,17,6,6,16,16,7,16,8,4,2,4,4,1,1,0,0,15,0,0,0,0,0,0,20,20,20,19,17,0,1,0,1,0,0,0,1,1,0,0.358,0.466,0.447,0.913,0.089,0.385
38015,Luis Bustamante,2B,CHC,32,185,R,R,16,32,129,138,22,12,1,5,20,4,0,24,5,4,0,0,3.46,0.5396,0.9316,15,19,14,4,14,12,18,14,16,4,14,11,1,1,0,0,0,16,0,9,0,0,0,6,10,13,6,1,1,0,0,0,1,0,0,0,0,0,0.310,0.326,0.535,0.861,0.225,0.337
39903,Steve Shepherd,1B,DET,25,182,R,R,8,32,124,140,18,8,0,10,17,0,0,39,15,3,1,0,4.35,0.1381,1.3959,14,15,14,13,13,10,11,19,10,5,10,13,1,1,0,0,15,0,0,0,0,0,0,3,6,1,3,1,1,0,0,1,1,0,1,0,1,0,0.290,0.371,0.597,0.968,0.306,0.347
41961,Kevin Jorenby,3B,WAS,32,185,R,R,14,30,130,140,27,12,1,0,9,1,0,10,9,3,0,0,3.90,0.3606,0.7549,15,16,3,12,19,12,15,18,14,2,9,12,1,3,0,0,0,5,16,0,0,0,0,19,20,20,18,11,0,1,0,1,0,0,1,0,1,0,0.308,0.350,0.415,0.765,0.108,0.331
27541,Jake Stone,SS,NSH,29,188,R,R,10,25,76,85,6,8,2,2,18,3,0,15,3,1,3,0,3.74,0.3278,0.3273,11,14,8,5,19,16,17,17,18,1,10,13,1,1,0,0,0,0,0,16,0,0,0,10,8,13,6,6,1,0,0,1,1,0,1,0,0,1,0.237,0.282,0.474,0.756,0.237,0.258
35191,Sergio Moya,C,CHC,32,175,L,R,16,21,61,63,6,2,0,0,1,0,0,26,2,1,0,0,3.84,-1.0904,-0.5566,7,11,6,11,7,1,7,8,2,1,2,8,12,16,0,15,0,0,0,0,0,0,0,1,1,3,5,1,1,0,1,0,1,0,1,0,1,0,0.131,0.159,0.164,0.323,0.033,0.229
38779,Esteban Tobon,1B,HOU,27,197,S,R,11,32,121,137,17,7,0,7,23,2,0,35,14,4,0,1,4.42,0.0814,-0.2487,13,17,14,11,11,1,3,6,3,1,2,4,1,1,0,0,3,0,0,0,0,0,0,1,4,5,6,1,1,0,1,0,1,0,1,0,1,0,0.256,0.328,0.488,0.816,0.231,0.296
40819,Jeff Bancroft,C,HOU,26,185,R,R,8,20,64,70,12,1,0,4,10,0,1,21,3,3,2,0,4.31,-0.0633,0.4577,10,11,14,10,10,2,3,8,1,1,3,8,12,14,0,14,0,0,0,0,0,0,0,1,1,1,5,1,1,0,0,0,0,1,0,0,0,0,0.266,0.319,0.469,0.788,0.203,0.333
41185,Luis Mora,SS,CLE,30,180,S,R,15,18,55,61,10,3,0,0,8,0,0,15,6,2,0,0,4.36,-0.2962,0.1996,12,14,5,10,12,18,19,20,20,1,10,14,1,1,0,0,0,20,0,20,0,0,0,1,1,1,3,1,1,0,0,1,1,0,1,0,1,0,0.236,0.311,0.291,0.602,0.055,0.325
34544,Andy Taylor,LF,MIN,32,186,R,R,10,32,128,148,17,5,0,4,7,0,0,24,20,6,0,0,4.45,-0.5323,0.2121,12,13,8,13,14,14,11,4,13,17,16,8,1,1,0,0,0,0,0,0,19,15,4,19,19,13,3,2,1,0,0,1,0,1,0,0,1,0,0.203,0.311,0.336,0.647,0.133,0.220
41658,Jonathan Schlarmann,LF,PIT,23,183,L,L,5,29,89,104,16,5,0,4,12,1,1,28,11,3,2,1,4.99,0.3622,0.1736,13,18,9,14,13,1,2,19,1,9,14,14,1,1,0,0,0,0,0,0,11,0,10,6,6,3,8,2,1,0,1,0,1,0,1,0,1,0,0.281,0.369,0.472,0.841,0.191,0.362
20389,Sean Inzunza,3B,LAA,33,186,S,R,15,31,120,137,11,4,2,6,11,2,0,41,12,2,3,0,4.97,-1.2423,0.3218,12,16,17,15,12,8,14,20,12,1,9,18,1,1,0,0,5,0,15,0,0,0,0,6,18,20,3,1,1,0,0,1,0,0,1,0,0,1,0.192,0.277,0.408,0.686,0.217,0.227
29391,Soo-sung Hah,CF,PIT,31,192,S,R,15,18,39,45,3,3,0,0,3,0,0,18,5,0,1,0,4.51,-0.2714,-0.1936,10,13,9,7,9,6,9,13,9,18,20,20,1,1,0,0,0,0,0,0,0,18,20,16,19,20,5,1,1,0,1,0,1,0,1,0,1,0,0.154,0.267,0.231,0.497,0.077,0.286
34137,Eric Schnicke,CF,BOS,24,184,L,L,6,23,69,71,8,3,1,2,10,0,1,19,1,0,0,0,3.42,-0.7413,-0.2317,12,14,8,9,15,11,8,13,1,19,14,16,1,1,0,0,0,0,0,0,8,20,1,20,10,2,8,9,0,1,1,0,1,0,0,1,1,0,0.203,0.214,0.362,0.577,0.159,0.250
35577,Johane Penha,LF,SF,32,187,R,R,16,25,36,45,3,1,1,2,4,2,0,9,7,1,0,0,5.56,-0.1189,0.2337,9,14,16,15,11,8,9,6,9,9,16,12,1,1,0,0,15,0,0,0,11,0,10,15,5,2,5,5,1,0,1,0,0,1,1,0,1,0,0.194,0.311,0.444,0.756,0.250,0.185
38707,Luis Carrete,C,NYY,24,185,R,R,8,8,23,25,1,0,0,0,0,0,0,9,2,1,0,0,3.87,-0.253,-0.3717,9,11,7,7,9,2,8,4,2,1,2,4,13,11,0,12,1,0,0,0,0,0,0,7,6,11,6,1,0,1,1,0,1,0,1,0,0,0,0.043,0.120,0.043,0.163,0.000,0.071
40796,Cletus Stabb,C,CAR,26,190,R,R,8,11,22,23,5,1,0,0,0,0,1,5,0,0,0,0,3.05,-0.2073,-0.0138,11,13,7,5,15,1,7,3,1,2,10,4,15,12,0,15,0,0,0,0,0,0,0,1,11,14,12,1,0,0,1,0,1,0,1,0,1,0,0.273,0.273,0.318,0.591,0.045,0.353
28002,Camden Troke,CF,NYY,24,187,L,L,8,18,61,69,11,5,0,2,13,1,0,11,7,1,0,0,4.20,0.2851,0.6068,11,12,9,12,11,1,4,11,1,16,20,17,1,1,0,0,0,0,0,0,0,15,20,13,15,16,4,8,1,0,1,0,1,0,1,0,1,0,0.295,0.362,0.475,0.838,0.180,0.327
30473,Jake Greenberg,SS,ATL,25,188,S,R,4,11,5,6,2,0,0,0,2,0,0,1,1,0,0,0,2.80,0.5839,0.0597,11,15,7,5,16,17,15,16,16,15,14,14,1,1,0,0,0,18,15,16,0,0,13,12,18,19,7,8,1,0,0,1,1,0,0,1,0,1,0.400,0.500,0.400,0.900,0.000,0.500
36473,Chris Frimpong,2B,CAR,25,186,R,R,7,25,79,87,11,5,0,1,10,1,1,12,5,9,1,1,3.59,-0.0735,-0.1741,14,10,4,8,18,13,20,17,16,9,11,13,1,1,0,0,0,17,14,12,0,0,0,8,2,10,10,1,1,0,0,1,0,1,1,0,0,0,0.215,0.267,0.316,0.584,0.101,0.239
38556,Gael Albutt,LF,PIT,24,193,L,L,8,20,34,36,4,0,0,0,0,0,0,13,1,0,1,0,4.24,-0.3911,-0.4492,11,13,11,9,15,7,8,12,2,16,19,15,1,1,0,0,0,0,0,0,20,15,9,19,20,16,3,5,1,0,0,1,0,0,0,1,1,0,0.118,0.167,0.118,0.284,0.000,0.190
44005,Arturo Gamino,CF,TEX,28,184,R,R,3,32,130,138,22,6,2,4,11,0,0,20,8,2,0,1,3.28,-0.1632,0.8066,14,13,12,8,16,7,4,8,4,19,12,11,1,1,0,0,4,0,0,0,12,18,8,18,12,11,18,15,1,0,1,0,1,0,1,0,0,1,0.262,0.304,0.431,0.735,0.169,0.283
22588,Frédéric Rivière,SS,TOR,26,189,R,R,9,7,16,21,1,2,0,0,1,1,1,7,3,0,0,0,5.38,0.1634,0.038,9,11,3,19,9,18,8,15,12,5,12,15,1,1,0,0,0,9,0,14,0,0,0,7,10,7,9,1,1,0,0,0,1,0,1,0,0,0,0.188,0.300,0.313,0.613,0.125,0.300
39921,Dave White,2B,NYM,26,184,R,R,8,18,20,22,3,1,0,0,1,0,0,3,2,0,0,0,3.60,-0.1679,-0.1097,14,15,6,9,17,11,14,10,13,5,5,4,1,1,0,0,16,12,0,0,0,0,0,19,19,13,9,8,0,1,0,1,1,0,0,1,1,0,0.200,0.273,0.250,0.523,0.050,0.235
42507,Klaas de Groot,1B,STL,24,188,R,R,8,31,109,131,21,3,0,5,21,2,0,16,20,5,0,1,5.52,0.5401,0.5545,15,13,16,18,16,6,4,5,2,8,3,2,1,1,0,0,9,0,0,0,0,0,0,7,3,1,7,3,1,0,1,0,1,0,1,0,0,0,0.266,0.374,0.431,0.805,0.165,0.267
20866,Brad Sirleaf,LF,CHC,26,190,L,L,9,32,118,141,22,3,2,7,18,2,0,28,20,2,1,3,4.50,0.0738,0.9682,17,17,18,13,13,1,4,6,1,13,13,12,1,1,0,0,0,0,0,0,15,2,0,15,20,20,3,6,0,1,0,1,0,1,0,0,0,0,0.288,0.390,0.525,0.915,0.237,0.318
33828,Mike Lenior,LF,TEX,29,184,L,L,10,28,105,109,13,6,3,7,18,0,0,17,3,1,1,0,3.51,0.4096,0.6186,14,16,12,4,16,1,3,11,1,13,20,11,1,1,0,0,0,0,0,0,2,10,14,18,18,20,6,1,1,0,1,0,1,0,1,0,1,0,0.276,0.303,0.590,0.893,0.314,0.272
31518,Josh McCann,C,ARI,24,184,R,R,6,9,15,17,4,0,0,1,3,1,0,2,1,0,0,0,4.07,0.0692,0.142,13,15,9,6,19,3,6,8,2,1,3,8,14,12,0,12,0,0,0,0,0,0,0,6,3,1,7,2,1,0,1,0,1,0,1,0,0,1,0.333,0.353,0.533,0.886,0.200,0.308
37708,Jorge Castillo,1B,NSH,30,185,R,R,14,31,126,138,17,14,0,9,27,0,0,26,9,5,3,0,4.21,1.0447,1.5444,13,15,16,12,13,7,10,7,5,1,2,7,1,1,0,0,13,0,0,0,0,0,0,1,7,7,5,1,1,0,1,0,1,0,1,0,0,1,0.317,0.377,0.643,1.020,0.325,0.341
20228,Ronnie Stewart,1B,MIN,28,183,R,R,11,28,101,110,10,4,2,6,12,1,0,20,7,1,1,1,3.68,-0.1787,-0.1349,10,12,16,8,14,3,14,13,17,1,7,6,1,1,0,0,10,2,0,0,0,0,0,14,19,16,7,1,0,1,1,0,0,0,1,0,1,0,0.218,0.273,0.475,0.748,0.257,0.211
27097,Josh DuBose,SS,MIL,25,191,L,R,7,32,118,143,16,6,1,6,10,2,1,25,21,1,1,3,4.51,-0.1491,0.782,15,14,13,13,10,16,20,20,20,10,15,16,1,0,0,0,0,0,0,18,0,0,0,18,19,20,14,12,0,1,1,0,0,0,0,1,0,1,0.246,0.359,0.466,0.825,0.220,0.258
27869,Luis R. Guzman,2B,SEA,36,188,R,R,18,28,60,70,7,2,0,2,6,0,1,9,9,4,0,1,4.03,-0.4931,0.0637,10,8,15,12,12,14,18,17,17,6,9,13,1,1,0,0,0,18,17,14,0,0,0,8,12,14,11,1,0,1,1,0,1,0,0,1,1,0,0.183,0.290,0.317,0.607,0.133,0.184
36076,Jaheim Crues,3B,HOU,22,186,L,R,5,24,76,87,17,3,0,2,11,0,0,20,6,1,5,0,4.32,0.1521,0.6482,14,18,15,8,13,11,11,19,10,4,9,15,1,1,0,0,0,0,14,0,0,0,0,12,7,4,8,1,1,0,0,1,0,1,1,0,1,0,0.289,0.379,0.408,0.787,0.118,0.370
32861,Jaquan Prayor,CF,LVS,24,190,R,R,6,31,116,131,14,7,1,3,10,1,0,42,14,0,0,2,4.28,-0.1554,0.0142,12,16,13,11,14,3,3,2,3,15,16,8,1,1,0,0,0,0,0,0,0,12,0,18,19,20,7,1,1,0,0,1,0,1,1,0,1,0,0.216,0.298,0.371,0.668,0.155,0.306
19896,Jorge Bravo,3B,CAR,31,180,R,R,14,22,80,97,24,5,0,0,12,0,1,17,11,0,5,0,4.33,0.6228,0.8615,16,14,1,12,17,9,11,19,5,14,16,20,1,1,0,0,0,0,7,0,11,10,17,17,19,13,11,6,1,0,0,1,1,0,0,1,1,0,0.363,0.469,0.425,0.894,0.063,0.460
34910,Lu-fang Di,DH,SEA,29,188,L,L,13,33,132,152,18,10,2,7,38,4,0,23,14,1,2,2,4.08,2.1881,1.0566,17,16,10,12,17,1,6,3,2,1,13,5,1,1,0,0,4,0,0,0,0,0,0,18,20,20,7,2,0,1,0,1,0,1,0,1,1,0,0.280,0.349,0.545,0.894,0.265,0.283
43509,Luis Vences,LF,LAD,32,193,L,L,11,28,78,98,11,2,0,4,10,1,0,32,15,0,4,1,5.67,0.0113,0.2297,10,13,16,12,13,1,1,4,1,9,11,11,1,1,0,0,0,0,0,0,10,1,7,10,12,11,5,1,1,0,1,0,1,0,0,1,1,0,0.218,0.367,0.397,0.765,0.179,0.302
33291,Mike Owens,2B,PIT,22,195,L,R,5,29,126,131,20,8,0,10,20,0,0,11,5,1,0,0,3.67,1.0999,1.4059,14,14,17,10,18,16,19,13,12,4,11,13,1,1,0,0,0,18,14,15,0,0,0,5,15,12,8,1,1,0,0,1,1,0,1,0,1,0,0.302,0.328,0.603,0.931,0.302,0.267
33286,Mike Flores,C,WAS,30,184,L,R,12,26,89,99,10,5,0,8,18,2,0,24,7,3,1,0,4.11,0.5832,0.8027,12,13,14,8,11,1,4,4,2,1,4,4,9,12,0,10,0,0,0,0,0,0,0,3,15,17,6,1,0,1,1,0,1,0,1,0,1,0,0.258,0.313,0.584,0.897,0.326,0.254
36787,Greg McEntire,2B,MIL,25,182,R,R,7,26,105,111,22,9,1,1,6,0,1,22,5,1,0,0,3.85,-0.0342,0.4606,14,14,3,8,16,15,12,10,14,2,8,4,1,1,0,0,0,15,0,0,0,0,0,19,18,16,15,15,0,1,1,0,1,0,1,0,1,0,0.314,0.345,0.448,0.793,0.133,0.390
38282,Curt O'Brien,SS,SF,25,187,S,R,7,31,126,138,19,2,0,1,6,1,0,39,7,4,4,0,4.16,-1.4328,-0.3267,10,10,3,9,13,18,16,12,17,1,11,9,1,2,0,0,0,1,0,17,0,0,0,16,16,20,4,4,1,0,0,0,1,0,1,0,1,0,0.175,0.239,0.214,0.453,0.040,0.241
35758,Mike Casey,LF,ARI,28,184,R,R,10,27,81,88,20,4,1,4,16,0,1,12,5,1,1,0,3.67,0.552,1.1284,13,14,9,11,18,10,10,12,11,13,11,17,1,2,0,0,12,5,8,0,16,7,15,18,19,20,4,6,1,0,0,1,1,0,1,0,1,0,0.358,0.402,0.580,0.983,0.222,0.385
19423,Steve Putnam,RF,CIN,28,192,L,L,11,28,116,126,24,5,1,7,22,1,1,27,7,0,1,0,3.66,1.0006,1.1113,12,13,13,8,14,11,7,9,2,14,18,14,1,1,0,0,0,0,0,0,17,9,15,18,10,12,4,1,1,0,0,1,1,0,1,0,0,0,0.319,0.360,0.560,0.920,0.241,0.361
20234,Joel Ferrell,1B,ATL,29,185,R,R,11,31,116,137,16,8,1,9,21,1,0,25,20,0,0,0,4.80,0.3183,1.49,11,11,16,13,14,3,7,15,4,1,8,10,1,1,0,0,7,0,1,0,0,0,0,11,7,13,8,8,1,0,1,0,1,0,1,0,1,0,0.293,0.394,0.612,1.006,0.319,0.301
1961,Hunter Taylor,C,PIT,38,185,R,R,18,12,23,26,2,2,0,0,0,0,0,13,3,0,0,0,4.74,-0.459,-0.0552,10,9,12,14,10,1,4,6,2,1,2,5,7,14,0,10,0,0,0,0,0,0,0,4,6,9,12,1,1,0,0,0,1,0,1,0,0,1,0.174,0.269,0.261,0.530,0.087,0.400
20045,Josh Richmond,2B,HOU,29,175,R,R,12,31,106,134,18,2,1,1,11,0,0,37,25,2,3,0,5.74,-0.4926,0.3416,9,14,13,15,9,11,14,15,11,1,8,10,1,1,0,0,0,12,8,5,0,0,0,8,16,11,4,2,1,0,0,0,0,1,1,0,0,0,0.208,0.373,0.274,0.647,0.066,0.309
29002,Khamani Norful,2B,ATL,24,189,R,R,7,31,111,128,16,9,0,7,20,0,1,26,10,4,6,0,3.63,0.733,0.8494,15,16,11,7,16,9,18,12,17,4,14,7,1,2,0,0,11,13,0,0,1,0,0,11,14,15,3,1,1,0,1,0,1,0,1,0,0,1,0.288,0.378,0.559,0.937,0.270,0.321
35146,Gleyber Torres,SS,PHI,38,185,R,R,18,28,64,74,9,2,0,5,11,2,1,26,7,0,0,0,4.56,0.7981,0.282,11,8,13,11,10,13,17,19,20,2,6,6,1,1,0,0,0,0,18,14,0,0,0,15,18,15,15,6,1,0,0,1,0,1,1,0,1,0,0.250,0.315,0.516,0.831,0.266,0.314
29408,Shamar Laday,LF,TOR,32,187,R,R,11,16,52,62,7,7,0,2,4,0,1,12,8,1,1,0,4.38,0.3615,0.627,12,17,12,13,14,1,2,11,2,12,17,13,1,1,0,0,0,0,0,0,15,3,13,15,17,20,4,1,1,0,1,0,0,1,1,0,1,0,0.308,0.410,0.558,0.968,0.250,0.368
36336,Sergio Bustamante,2B,LAA,27,187,R,R,12,31,139,146,32,3,0,1,12,0,0,26,6,3,1,0,3.48,0.323,0.0978,13,12,3,6,17,14,17,13,16,8,9,11,1,1,0,0,0,16,0,0,0,0,0,15,20,20,11,1,0,1,0,1,1,0,0,0,0,0,0.259,0.295,0.302,0.597,0.043,0.313
42197,Zion Ofori,RF,MIL,22,186,L,L,5,32,117,133,12,5,0,4,18,0,0,44,16,6,0,1,4.67,-0.0697,-0.3399,13,15,17,12,9,6,4,12,1,15,16,16,1,1,0,0,0,0,0,0,19,4,17,19,20,14,19,13,0,1,1,0,1,0,1,0,1,0,0.179,0.278,0.325,0.603,0.145,0.246
20727,Mike Cook,C,TEX,29,187,R,R,11,7,24,24,2,1,0,0,1,0,0,6,0,3,0,0,3.29,-0.5113,-0.2629,10,13,9,7,15,1,5,2,1,1,3,2,11,9,0,8,0,0,0,0,0,0,0,12,11,11,6,1,1,0,0,1,0,0,1,0,0,1,0.125,0.125,0.167,0.292,0.042,0.167
38636,Baden Koka,CF,CIN,24,191,R,R,8,32,127,154,26,5,0,9,21,1,0,24,23,0,3,0,4.97,2.2397,2.2182,13,10,10,14,16,15,14,12,13,17,20,19,1,1,0,0,0,0,0,0,17,17,19,16,8,11,16,1,1,0,1,0,1,0,1,0,1,0,0.315,0.429,0.567,0.996,0.252,0.326
20750,Mike Blanton,LF,VAN,29,192,L,R,9,31,121,140,22,7,0,4,7,0,1,33,15,4,3,0,4.53,-0.2881,0.593,15,15,16,12,14,1,2,12,2,8,20,14,1,1,0,0,0,0,0,0,11,0,10,1,11,19,5,1,1,0,0,1,1,0,1,0,0,0,0.273,0.367,0.430,0.797,0.157,0.345
36209,Luis Islas,SS,WAS,29,177,L,R,13,31,105,123,17,10,0,1,15,0,0,28,16,2,2,1,4.71,-0.0293,0.8804,11,13,8,12,13,19,19,16,20,10,17,9,1,1,0,0,0,9,8,20,0,0,0,12,20,17,17,1,1,0,0,1,1,0,1,0,1,0,0.267,0.374,0.390,0.764,0.124,0.355
39948,Steve Heckman,RF,TEX,25,191,R,R,8,3,6,10,2,0,0,0,0,0,0,1,4,0,0,0,6.83,0.023,0.1304,10,14,12,13,13,4,2,13,5,11,7,17,1,1,0,0,0,0,0,0,13,1,12,15,13,10,12,9,1,0,0,1,1,0,0,1,0,1,0.333,0.600,0.333,0.933,0.000,0.400
35749,Mitch Phair,CF,ATL,27,189,L,R,9,14,10,14,3,1,0,0,1,0,0,1,3,0,1,0,6.30,0.5947,0.2759,12,14,14,11,13,10,9,7,8,15,9,17,1,1,0,0,0,0,0,0,18,10,0,15,13,15,17,12,1,0,0,1,1,0,1,0,0,1,0.400,0.571,0.500,1.071,0.100,0.444
6386,Patrick Kelley,CF,CAR,32,185,S,R,14,31,105,124,18,5,1,1,9,1,3,18,14,3,1,1,4.48,0.8622,0.1958,11,12,6,12,13,8,11,8,15,17,19,18,1,1,0,0,0,0,0,0,0,16,0,16,20,20,15,10,0,1,0,1,1,0,0,1,0,1,0.238,0.331,0.333,0.664,0.095,0.276
21831,Jorge Ortega,CF,CHC,31,186,L,L,11,32,124,136,21,7,1,1,11,0,0,16,7,3,5,0,3.73,-0.0016,0.2315,16,17,6,8,19,9,7,9,1,16,11,17,1,2,0,0,0,0,0,0,0,14,0,15,16,20,18,6,1,0,1,0,0,0,1,0,1,0,0.242,0.309,0.339,0.648,0.097,0.271
28828,Zach Zirkle,LF,SEA,27,185,L,L,9,23,80,89,18,5,0,0,4,0,0,2,7,1,2,0,3.54,-0.0977,0.1917,16,14,4,9,20,5,5,6,1,15,14,10,1,1,0,0,0,0,0,0,18,12,0,17,11,8,11,1,0,1,0,1,1,0,0,1,0,1,0.288,0.360,0.350,0.710,0.063,0.295
40828,Mitchell DuBose,SS,SEA,26,190,S,R,8,32,130,150,31,6,2,2,13,0,1,29,16,1,3,0,4.52,1.5085,2.0532,15,15,9,14,14,19,20,20,20,1,5,9,1,1,0,0,0,9,15,20,0,0,0,20,20,13,11,8,0,1,1,0,1,0,1,0,0,1,0.315,0.403,0.438,0.841,0.123,0.394
41424,Sean Ballard,C,PIT,25,185,S,R,8,8,11,18,1,0,0,0,1,1,0,3,5,0,1,1,6.55,0.0945,-0.0101,8,13,7,15,7,2,5,7,2,3,1,9,14,13,0,14,0,0,0,0,0,0,0,6,11,17,7,2,1,0,1,0,1,0,1,0,1,0,0.091,0.389,0.091,0.480,0.000,0.111
33009,Juan Elizarraraz,RF,MIL,30,187,S,R,12,30,101,112,9,2,1,4,8,1,0,31,9,1,1,1,4.32,-1.0747,-0.688,12,13,16,11,12,1,2,8,2,3,10,16,1,1,0,0,0,0,0,0,2,0,1,1,3,2,5,1,1,0,1,0,1,0,1,0,1,0,0.158,0.232,0.317,0.549,0.158,0.179
34201,Liangde Tso,C,LVS,31,188,L,R,16,7,13,15,2,0,0,0,0,0,0,6,2,0,0,0,4.69,-0.0845,0.0054,8,12,6,12,8,3,6,6,2,2,7,3,16,13,0,16,0,0,0,0,0,0,0,1,4,9,5,1,1,0,0,1,1,0,1,0,0,1,0.154,0.267,0.154,0.421,0.000,0.286
40954,Eddie Bethel,C,OAK,26,175,R,R,8,13,42,46,4,1,0,2,5,0,1,12,3,5,0,0,3.93,-0.1503,-0.0446,11,12,7,8,15,1,6,4,1,1,1,4,9,13,0,10,0,0,0,0,0,0,0,4,16,20,6,3,1,0,1,0,1,0,1,0,1,0,0.167,0.222,0.333,0.556,0.167,0.179
36071,Brad Ward,1B,LAD,24,197,R,L,6,12,20,22,1,0,0,0,0,0,0,5,2,1,0,0,3.75,-0.4084,-0.2946,15,14,6,5,17,7,6,8,2,1,9,3,1,1,0,0,13,0,0,0,0,0,0,1,1,1,3,2,0,1,0,1,1,0,0,1,1,0,0.050,0.136,0.050,0.186,0.000,0.067
41903,Kinnon Bigalow,C,BAL,30,185,R,R,13,19,64,69,9,4,0,1,3,1,0,22,4,3,0,0,4.31,-0.3099,-0.1175,10,13,9,11,12,3,7,1,2,1,7,2,14,15,0,16,0,0,0,0,0,0,0,1,5,1,6,1,1,0,0,0,1,0,0,0,0,0,0.219,0.261,0.328,0.589,0.109,0.310
21730,Chris Holstien,RF,TEX,28,190,L,L,11,32,127,133,18,7,2,7,17,0,0,37,5,3,1,0,3.96,-0.3422,0.6655,15,16,18,10,12,3,4,4,1,14,15,13,1,1,0,0,0,0,0,0,17,8,7,11,11,12,7,8,1,0,0,1,1,0,1,0,1,0,0.268,0.301,0.520,0.820,0.252,0.325
22886,Braedon Lecain,1B,TEX,23,193,L,L,6,31,103,113,24,7,0,5,10,0,1,15,8,3,1,0,3.79,0.3837,1.1548,16,10,16,7,17,8,8,8,2,3,3,4,1,1,0,0,14,0,0,0,0,0,0,7,1,6,6,2,1,0,1,0,1,0,1,0,1,0,0.350,0.402,0.563,0.965,0.214,0.373
26704,Pete Ellis,1B,OAK,28,190,L,L,11,21,63,79,6,1,0,6,19,0,0,24,14,2,2,1,5.16,1.0076,0.5317,12,13,17,16,12,11,11,11,3,7,11,13,1,1,0,0,17,0,0,0,0,0,4,2,1,2,15,1,1,0,0,1,0,0,0,1,1,0,0.206,0.367,0.508,0.875,0.302,0.212
37988,Steve Held,1B,WAS,27,184,R,R,10,10,11,14,2,0,0,1,1,0,0,5,3,0,0,0,5.18,0.1999,0.1435,13,13,13,5,16,11,11,9,16,4,10,2,1,1,0,0,16,11,0,0,0,0,0,14,8,3,5,1,1,0,1,0,0,1,1,0,1,0,0.273,0.429,0.545,0.974,0.273,0.400
39289,Yu-wei Au-Yong,2B,CIN,27,187,L,R,12,18,76,77,12,5,1,3,12,0,0,26,1,2,0,0,3.92,-0.4438,0.4724,10,12,11,8,11,13,15,9,17,16,13,16,1,1,0,0,17,16,1,11,9,14,18,18,20,13,8,1,1,0,0,1,1,0,0,1,0,0,0.276,0.286,0.487,0.773,0.211,0.383
40591,Brad Fournier,SS,NYM,26,190,R,R,8,12,46,50,9,4,0,1,4,0,0,12,3,1,1,1,3.98,-0.0664,0.3687,11,13,10,11,13,16,15,15,15,1,8,13,1,1,0,0,0,18,0,15,0,0,0,12,20,15,6,3,0,0,1,0,0,1,0,0,0,0,0.304,0.360,0.457,0.817,0.152,0.394
43744,Fabião Bonilha,3B,WAS,22,178,R,R,6,18,23,25,5,1,0,1,4,0,0,4,1,0,1,0,3.52,-0.236,0.1237,15,15,6,4,17,13,14,18,8,10,13,14,1,1,0,0,0,0,15,0,0,0,0,20,20,16,17,7,0,1,0,1,1,0,1,0,1,0,0.304,0.360,0.478,0.838,0.174,0.333
1879,Ed Watson,C,MIN,34,184,R,R,13,15,54,60,5,1,0,2,8,1,0,22,5,2,0,0,4.35,-0.1775,-0.2686,10,15,11,13,10,1,4,7,2,1,7,7,11,12,0,12,0,0,0,0,0,0,0,1,1,1,7,1,1,0,1,0,1,0,0,1,0,1,0.148,0.217,0.278,0.494,0.130,0.194
30514,Mike Del Viscio,LF,LAA,30,185,R,R,12,1,2,2,1,1,0,0,0,0,0,0,0,0,0,0,3.00,0.1004,0.1358,12,16,12,9,12,9,10,7,9,15,18,17,1,1,0,0,0,0,0,0,19,13,11,15,19,17,19,9,1,0,0,1,0,0,0,1,0,1,1.000,1.000,1.500,2.500,0.500,1.000
36086,Juan Valadez,3B,LAD,29,183,R,R,12,17,63,65,15,3,0,1,2,0,0,14,2,1,0,0,3.63,0.0586,0.031,13,13,3,6,15,9,12,19,6,1,9,15,1,1,0,0,0,0,13,0,0,0,0,15,20,16,13,1,0,1,1,0,1,0,1,0,1,0,0.302,0.323,0.397,0.720,0.095,0.375
40990,Sergio Lara,SS,STL,33,184,R,R,17,25,79,97,12,5,0,2,9,0,0,30,16,1,2,1,5.00,-0.2898,0.392,10,14,10,9,13,18,16,17,12,6,9,10,1,1,0,0,0,0,14,16,0,0,0,5,9,8,8,1,1,0,1,0,1,0,1,0,0,1,0.241,0.381,0.380,0.761,0.139,0.362
42095,Ernesto Cerda,RF,DET,30,191,R,L,14,32,113,139,22,1,0,10,25,1,1,33,23,3,1,0,5.35,0.0394,1.3411,12,10,16,15,12,8,7,6,1,16,16,17,1,1,0,0,0,0,0,0,0,11,18,15,18,20,13,8,1,0,0,1,0,1,1,0,0,1,0.292,0.413,0.566,0.979,0.274,0.324
37736,Juan Ramirez,LF,NYM,25,187,R,R,7,21,28,33,2,1,0,1,2,0,0,7,5,1,0,0,5.11,-0.5225,-0.079,13,13,13,10,11,1,2,6,2,9,15,16,1,1,0,0,0,0,0,0,12,0,9,6,17,12,6,1,1,0,0,0,1,0,1,0,1,0,0.143,0.273,0.286,0.558,0.143,0.150
20796,Joe Odenweller,1B,VAN,29,184,R,R,9,32,126,139,24,4,0,6,14,1,0,29,6,5,6,0,4.04,-0.2236,0.3932,15,17,16,11,14,8,10,11,19,4,11,5,1,1,0,0,14,10,0,1,0,0,0,10,18,19,7,1,1,0,1,0,0,0,1,0,1,0,0.270,0.331,0.444,0.775,0.175,0.304
34388,Sergio Alcantara,SS,DET,38,175,S,R,18,12,30,34,4,1,0,0,2,0,0,13,4,0,0,0,4.73,-0.4286,-0.2164,9,8,3,13,12,16,15,20,16,1,2,1,1,1,0,0,0,18,18,15,0,0,0,10,14,18,12,4,1,0,1,0,0,1,1,0,0,0,0.167,0.265,0.200,0.465,0.033,0.294
20570,Jonathan McCaulley,3B,SF,33,183,S,R,15,21,38,41,5,0,0,0,2,0,0,3,2,1,1,0,3.16,-0.3883,-0.4319,14,14,5,7,18,11,13,18,9,2,9,15,1,1,0,0,0,3,14,0,0,0,0,2,5,8,5,4,1,0,0,1,0,0,0,1,0,1,0.132,0.195,0.132,0.327,0.000,0.143
38093,Colt Nelums,LF,TEX,28,191,L,L,10,11,38,39,9,0,1,0,2,0,0,6,1,0,0,0,3.50,-0.3375,-0.1248,14,12,10,9,18,1,3,2,1,13,18,12,1,1,0,0,0,0,0,0,16,8,0,18,10,13,5,5,0,1,0,1,1,0,1,0,1,0,0.263,0.282,0.316,0.598,0.053,0.313
40751,Luis Serrano,LF,PHI,33,184,L,L,17,29,96,122,17,4,0,11,24,1,0,25,23,1,2,0,5.96,2.0739,1.7967,13,11,17,19,13,1,2,5,1,7,8,14,1,1,0,0,0,0,0,0,7,0,4,8,9,3,4,3,1,0,1,0,0,1,1,0,1,0,0.333,0.467,0.719,1.186,0.385,0.344
27418,Gilberto Morales,CF,NYM,24,175,R,R,8,26,98,109,11,4,1,4,17,1,0,26,9,1,1,0,4.03,0.4704,0.2199,12,13,11,9,13,12,11,6,12,17,15,13,1,1,0,0,0,0,0,0,20,16,15,19,20,16,7,8,1,0,1,0,1,0,1,0,1,0,0.204,0.275,0.388,0.663,0.184,0.232
39336,Everton Panesar,3B,CHC,29,187,R,R,12,31,126,136,26,8,1,0,5,0,0,14,9,3,1,0,3.79,0.6909,0.4638,15,12,2,9,19,9,14,20,9,4,10,15,1,2,0,0,0,0,15,0,0,0,0,20,20,18,10,2,1,0,0,1,1,0,1,0,1,0,0.278,0.331,0.357,0.688,0.079,0.313
21155,Wenceel Perez,SS,CLE,35,180,S,R,24,27,97,112,13,2,0,1,2,0,2,36,12,1,1,0,4.56,-0.5883,-0.5246,11,11,3,13,12,13,20,15,20,1,6,4,1,1,0,0,0,19,8,15,0,0,0,14,17,20,13,8,0,1,0,1,1,0,1,0,0,1,0.165,0.264,0.216,0.480,0.052,0.250
23177,Jorge Medina,3B,TEX,26,196,R,R,10,25,78,95,7,5,0,4,11,0,1,41,16,0,0,0,5.17,-0.6347,0.5561,9,12,15,15,7,9,18,18,15,6,9,14,1,1,0,0,20,0,15,0,0,0,2,1,8,2,4,1,0,1,1,0,1,0,1,0,0,0,0.205,0.340,0.423,0.764,0.218,0.364
40540,Jaime Gilbert,SS,OMA,26,184,S,R,8,15,16,20,1,1,0,0,0,0,0,6,3,0,1,0,5.13,-0.3253,-0.0427,9,10,5,13,10,16,16,16,13,9,14,12,1,1,0,0,0,13,15,14,2,0,0,17,20,17,12,3,0,0,0,1,1,0,1,0,1,0,0.125,0.300,0.188,0.488,0.063,0.200
27134,Chad McLaughlin,SS,WAS,30,186,R,R,12,14,16,18,1,2,0,0,0,0,0,5,2,0,0,0,5.19,-0.3633,-0.1098,12,13,8,11,14,14,19,16,18,9,10,10,1,1,0,0,0,18,15,14,0,0,0,16,12,14,5,7,1,0,1,0,1,0,1,0,1,0,0.188,0.278,0.313,0.590,0.125,0.273
27292,Jonathan Norton,LF,LVS,28,191,R,R,10,22,23,23,8,0,0,0,1,0,0,3,0,0,0,0,3.39,0.0068,0.0582,14,16,1,4,19,7,5,3,6,13,16,11,1,1,0,0,0,0,0,0,15,0,13,18,19,20,11,7,1,0,1,0,1,0,1,0,1,0,0.348,0.348,0.348,0.696,0.000,0.400
36440,Joe Clark,C,NYM,25,179,R,R,7,4,15,16,1,0,0,0,0,0,0,7,1,1,0,0,4.07,-0.3932,-0.2163,9,11,11,10,9,1,9,4,4,1,9,4,12,10,0,9,0,0,0,0,0,0,0,1,1,1,6,1,1,0,1,0,1,0,1,0,0,1,0.067,0.125,0.067,0.192,0.000,0.125
19619,Kevin Swick,C,NYY,30,185,L,R,12,26,85,110,11,2,0,12,30,0,2,25,23,2,0,1,5.45,1.5366,1.7773,11,14,13,16,11,1,3,5,4,1,9,4,7,12,0,8,0,0,0,0,0,0,0,1,7,9,9,1,1,0,1,0,1,0,1,0,0,1,0.294,0.444,0.741,1.186,0.447,0.271
35631,Chris French,1B,OAK,22,193,R,R,4,19,55,67,15,4,0,1,7,1,0,10,11,1,0,0,4.69,0.491,0.8708,14,18,2,12,10,11,16,7,14,6,13,2,1,1,0,0,19,13,0,0,0,0,0,20,19,17,13,1,1,0,0,1,1,0,1,0,0,1,0.364,0.463,0.491,0.954,0.127,0.422
41542,Sean McBurnie,SS,ATL,24,185,R,R,6,31,111,124,15,11,1,1,9,0,1,28,11,3,0,1,3.95,-0.0891,1.1735,13,14,6,9,12,20,18,19,20,16,16,15,1,1,0,0,0,20,20,20,0,0,0,14,17,13,5,8,1,0,0,1,1,0,1,0,0,1,0.252,0.320,0.396,0.716,0.144,0.329
42029,Juan Esquivel,CF,NYY,23,194,L,L,8,2,4,4,1,0,0,0,0,0,0,1,0,0,0,0,3.50,-0.027,-0.0322,9,11,6,11,10,16,18,11,1,16,12,20,1,1,0,0,0,0,0,0,20,14,16,14,16,18,10,9,1,0,1,0,1,0,1,0,0,1,0.250,0.250,0.250,0.500,0.000,0.333
28043,Gavin Lux,SS,NYY,37,188,L,R,20,31,113,124,28,5,1,2,14,0,0,24,11,2,0,0,4.32,0.4242,1.1059,11,11,9,13,12,16,18,16,16,1,1,1,1,1,0,0,0,18,15,15,0,0,0,11,17,19,10,4,1,0,1,0,1,0,1,0,1,0,0.319,0.379,0.434,0.813,0.115,0.391
33031,Dave Foster,2B,VAN,29,181,R,R,11,18,42,43,8,0,0,0,3,1,0,8,0,1,0,0,3.26,-0.5945,-0.4661,12,15,9,8,18,10,19,8,17,2,10,2,1,1,0,0,6,14,0,1,0,0,0,13,13,5,5,1,1,0,1,0,1,0,1,0,1,0,0.190,0.186,0.190,0.377,0.000,0.229
40893,Bobby Lakes,C,ATL,25,183,S,R,8,28,101,110,23,10,0,4,18,1,0,11,8,6,0,0,3.63,0.9911,1.5112,15,16,6,8,17,1,3,11,2,1,2,11,10,15,0,12,0,0,0,0,0,0,0,1,1,4,19,1,1,0,1,0,1,0,1,0,1,0,0.366,0.409,0.584,0.993,0.218,0.379
41548,Doug Pannell,RF,PIT,32,187,L,L,14,25,86,99,9,4,1,3,9,1,0,21,10,0,2,0,4.29,-0.36,-0.1371,12,16,14,10,13,6,6,10,1,13,13,20,1,1,0,0,0,0,0,0,1,6,17,15,16,15,5,1,1,0,1,0,0,1,0,0,0,0,0.198,0.293,0.372,0.665,0.174,0.222
22177,Carlos Soto,C,FLA,35,188,L,R,19,23,78,89,15,5,0,0,3,1,0,27,10,1,0,2,4.37,-0.6536,0.2,8,11,6,13,8,1,5,0,0,1,0,0,15,15,0,17,0,0,0,0,0,0,0,9,8,11,14,8,1,0,1,0,1,0,1,0,0,1,0.256,0.337,0.321,0.658,0.064,0.385
32925,Vince Hockman,C,BAL,30,185,L,R,12,18,48,53,4,1,0,2,5,0,1,20,4,4,0,0,4.69,-0.2585,-0.261,8,10,13,10,8,1,3,10,2,1,3,9,10,16,0,14,0,0,0,0,0,0,0,1,5,1,1,1,1,0,1,0,0,0,1,0,0,1,0.146,0.212,0.292,0.503,0.146,0.192
43413,Juan Valera,RF,VAN,28,195,R,R,12,23,50,55,3,2,1,2,7,0,0,15,4,0,1,0,4.08,-0.3919,-0.0184,11,15,15,10,9,1,2,9,2,14,12,14,1,1,0,0,0,0,0,0,15,10,15,17,20,20,7,1,1,0,1,0,0,1,1,0,1,0,0.160,0.236,0.360,0.596,0.200,0.182
43516,Friedrich Perbandt,3B,HOU,32,191,R,R,12,18,46,54,4,2,0,4,6,0,0,19,6,1,2,0,4.43,-0.0883,0.4052,9,13,15,12,9,9,10,20,6,2,19,18,1,1,0,0,17,0,13,0,0,0,0,3,3,4,3,1,1,0,1,0,1,0,0,1,1,0,0.217,0.333,0.522,0.855,0.304,0.261
2104,Veríssimo Vessadas,CF,PIT,22,194,L,L,7,30,119,125,14,8,2,5,15,0,0,27,4,1,2,0,3.21,-0.2533,0.1922,14,18,12,6,12,11,18,7,1,17,14,11,1,1,0,0,0,0,0,0,0,15,0,18,14,14,6,1,1,0,1,0,0,0,1,0,1,0,0.244,0.280,0.471,0.751,0.227,0.276
30960,Mike Riggs,1B,BAL,24,194,L,L,7,21,74,82,15,4,0,5,11,2,0,18,6,1,0,0,4.04,0.5987,0.5804,17,16,15,10,16,3,7,5,2,1,3,4,1,1,0,0,9,0,0,0,0,0,0,1,5,3,3,1,1,0,1,0,1,0,1,0,1,0,0.324,0.366,0.581,0.947,0.257,0.358
26629,Mike Kimm,1B,LAA,26,190,L,L,9,18,51,60,5,3,0,4,6,0,0,8,7,0,2,0,4.75,0.154,0.3925,15,16,15,11,16,1,7,6,2,1,6,5,1,1,0,0,6,0,0,0,0,0,0,1,1,1,6,1,0,0,1,0,1,0,1,0,1,0,0.235,0.350,0.529,0.879,0.294,0.205
28528,Luis Meneses,RF,SEA,25,193,R,R,4,32,110,130,18,7,1,4,11,0,0,17,17,3,3,1,4.68,0.51,1.4562,12,15,14,13,12,9,9,14,10,16,16,19,1,1,0,0,0,0,0,3,18,14,19,17,20,20,4,1,0,1,0,1,1,0,1,0,1,0,0.273,0.385,0.464,0.848,0.191,0.292
35869,Eddie Evans,RF,CLE,28,184,R,R,10,29,114,124,18,6,0,8,20,1,0,20,6,1,3,0,3.93,1.4643,0.6454,15,14,14,12,16,1,2,6,1,8,16,15,1,1,0,0,0,0,0,0,11,0,10,4,11,16,7,1,1,0,1,0,1,0,1,0,1,0,0.281,0.331,0.544,0.875,0.263,0.276
21249,Chris Matthews,RF,ARI,27,187,L,L,9,20,75,81,13,5,0,2,13,0,0,13,6,3,0,0,4.12,0.4912,0.1906,16,14,13,8,17,1,2,15,1,11,13,20,1,1,0,0,0,0,0,0,0,0,14,8,13,5,3,1,1,0,0,1,1,0,1,0,1,0,0.267,0.321,0.413,0.734,0.147,0.300
25858,Chad Bennett,RF,BOS,28,192,L,L,11,25,90,100,5,8,0,12,23,2,0,15,7,4,1,0,4.47,0.9258,0.9638,15,18,15,10,14,1,2,3,1,6,14,13,1,2,0,0,0,0,0,0,7,0,6,1,1,7,6,1,1,0,0,1,1,0,1,0,0,0,0.278,0.330,0.767,1.097,0.489,0.200
34958,Rodolfo Padilla,SS,PHI,24,185,R,R,6,26,78,89,11,7,0,5,12,0,0,25,10,1,1,1,4.22,0.0218,0.8972,12,16,11,8,12,16,16,11,16,8,11,9,1,1,0,0,0,14,0,15,0,0,0,18,15,15,17,1,1,0,1,0,1,0,1,0,0,0,0.295,0.382,0.577,0.959,0.282,0.375
34984,Rob Holden,SS,STL,28,185,R,R,11,15,26,28,4,0,0,0,0,0,1,1,1,5,0,1,2.62,-0.5509,-0.3149,12,12,3,6,18,17,16,19,19,1,11,14,1,1,0,0,0,0,5,18,0,0,0,13,18,20,11,9,1,0,1,0,1,0,1,0,1,0,0.154,0.185,0.154,0.339,0.000,0.160
42009,Marc Eidson,1B,CHC,32,179,R,R,14,30,84,96,8,4,0,1,5,2,0,17,10,7,0,0,4.68,-1.3387,-0.6961,14,17,12,13,17,4,11,6,16,1,7,2,1,1,0,0,9,1,0,0,0,0,0,8,14,9,5,1,1,0,0,1,1,0,0,1,1,0,0.155,0.240,0.238,0.478,0.083,0.176
39014,Omar Baldo,C,LAD,35,179,S,R,25,10,26,29,3,2,0,2,3,0,1,11,2,1,0,0,3.69,0.1458,0.3184,10,12,11,8,8,1,6,7,2,1,3,8,8,15,0,11,0,0,0,0,0,0,0,5,10,17,7,1,1,0,1,0,1,0,1,0,1,0,0.269,0.321,0.577,0.898,0.308,0.385
41006,Sean White,RF,MIN,28,189,S,L,10,8,12,12,4,0,0,0,0,0,0,3,0,0,0,0,3.42,0.1355,0.0529,16,18,3,3,20,1,4,7,1,10,13,11,1,1,0,0,0,0,0,0,10,0,9,17,20,16,12,1,0,1,0,1,1,0,0,1,1,0,0.333,0.333,0.333,0.667,0.000,0.444
41503,Sergio Reguera,SS,ARI,35,192,R,R,14,25,96,110,17,2,0,10,23,0,0,19,14,3,0,0,4.79,0.5582,1.4433,13,14,18,14,14,16,20,14,18,7,6,11,1,1,0,0,0,11,0,17,0,0,0,14,17,14,19,14,1,0,0,1,1,0,0,1,0,1,0.302,0.391,0.635,1.026,0.333,0.284
21329,Steve Mason,3B,LVS,28,189,R,R,11,31,124,137,26,5,0,5,21,2,0,33,8,0,3,0,4.15,0.487,0.975,15,14,7,9,17,9,14,15,20,6,5,11,1,1,0,0,0,12,12,0,0,0,0,16,20,20,5,4,0,1,1,0,0,0,1,0,0,0,0.290,0.343,0.452,0.795,0.161,0.352
23547,Steve Cucinotta,RF,CIN,26,192,L,L,9,32,138,149,23,10,3,5,23,2,0,28,9,0,0,0,3.83,1.0732,0.7374,14,16,14,9,15,5,3,12,1,15,14,16,1,1,0,0,0,0,0,0,0,10,17,19,17,11,5,8,1,0,1,0,0,1,0,0,0,0,0.297,0.336,0.522,0.857,0.225,0.336
27997,Andy Wickman,SS,TOR,28,191,S,R,10,28,103,115,18,7,0,3,12,0,0,19,12,2,0,0,4.34,0.0633,0.8101,11,13,9,14,12,18,20,15,20,4,10,11,1,1,0,0,0,0,10,20,0,0,0,7,16,15,12,1,1,0,1,0,1,0,1,0,1,0,0.272,0.348,0.427,0.775,0.155,0.309
36308,Jim Eaton,C,SF,24,193,R,R,7,16,40,47,2,1,0,4,5,0,1,8,5,1,1,0,3.80,0.1079,0.2322,10,14,10,11,12,2,4,7,2,1,2,8,10,12,0,8,0,0,0,0,0,0,0,1,11,2,3,1,1,0,0,0,0,1,0,0,0,0,0.175,0.283,0.500,0.783,0.325,0.107
40767,Fook Tieh,3B,CLE,31,191,R,R,14,30,125,136,20,9,1,2,19,0,0,11,8,4,3,0,3.70,0.0846,0.341,18,16,10,10,20,7,14,20,13,1,3,18,1,3,0,0,0,0,14,0,0,0,0,15,20,20,7,2,0,1,0,1,0,0,1,0,1,0,0.256,0.316,0.392,0.708,0.136,0.268
41356,Josh Goeltz,2B,ARI,24,184,R,R,6,31,118,143,19,5,0,6,11,0,0,35,24,3,1,0,5.27,-0.0884,1.5151,12,14,13,14,11,20,14,7,15,14,14,12,1,1,0,0,0,20,0,17,13,7,1,15,6,8,5,1,1,0,1,0,1,0,0,1,1,0,0.254,0.385,0.449,0.834,0.195,0.312
38915,Jace Jacobus,CF,BAL,25,186,L,L,7,32,119,133,18,5,0,7,19,1,0,39,10,1,3,1,4.36,0.6534,0.6964,10,16,15,12,10,14,15,9,1,18,12,17,1,1,0,0,0,0,0,0,5,17,16,18,14,15,5,1,1,0,1,0,1,0,1,0,1,0,0.252,0.323,0.471,0.794,0.218,0.311
41366,Juan Reyna,RF,CHC,30,188,R,R,15,32,114,129,28,4,0,2,9,2,0,16,13,4,0,2,3.70,0.1937,0.1295,15,14,10,8,18,4,8,5,8,11,12,12,1,1,0,0,0,0,0,0,13,2,11,16,19,13,4,1,0,1,1,0,1,0,1,0,1,0,0.298,0.364,0.386,0.750,0.088,0.327
43397,Rio Broddle,3B,MIN,28,193,R,R,12,26,89,100,12,4,0,4,9,3,0,22,6,2,2,1,4.17,-0.7806,0.0203,11,16,14,8,12,8,9,17,6,5,6,13,1,1,0,0,16,0,10,0,3,0,0,9,8,8,6,1,1,0,0,1,0,0,0,1,1,0,0.225,0.280,0.404,0.684,0.180,0.242
29828,Steve Barr,LF,MIN,29,182,L,L,9,9,24,26,2,2,0,1,1,0,0,6,2,0,0,0,4.08,-0.2353,-0.0141,13,15,12,10,13,2,4,11,1,8,11,13,1,1,3,0,3,0,0,0,9,0,8,7,9,6,5,1,1,0,1,0,1,0,1,0,1,0,0.208,0.269,0.417,0.686,0.208,0.235
23646,Joe Wade,1B,TOR,27,187,R,R,9,33,129,145,19,10,0,5,24,2,0,33,12,2,2,0,4.93,0.0094,0.5571,13,14,16,15,12,9,7,9,9,10,12,15,1,1,0,0,0,1,5,0,0,1,11,14,15,9,5,1,0,0,0,1,0,0,1,0,1,0,0.264,0.331,0.457,0.788,0.194,0.312
26013,Guonçalo Samina,CF,OAK,24,186,R,R,8,17,50,56,13,3,0,0,3,0,2,4,4,0,0,0,3.78,0.0954,0.0769,15,14,2,7,19,7,7,4,9,15,17,12,1,1,0,0,0,0,0,0,6,13,11,19,20,14,20,12,0,1,1,0,1,0,1,0,1,0,0.320,0.370,0.380,0.750,0.060,0.348
30985,Ian Kelley,3B,SEA,27,184,R,R,9,30,78,86,13,2,0,5,16,0,1,18,5,3,2,0,3.87,-0.1676,0.5531,10,9,14,11,12,15,17,20,16,7,8,16,1,0,0,0,0,18,19,12,0,0,0,11,16,19,13,5,0,1,0,1,1,0,1,0,1,0,0.256,0.318,0.474,0.792,0.218,0.273
39293,Jared Holloway,2B,NYY,27,180,S,R,9,31,128,144,20,12,1,3,17,2,0,25,10,1,4,0,3.90,1.0024,0.676,10,16,9,11,11,12,20,8,15,1,11,2,1,1,0,0,0,15,0,10,0,0,0,17,20,20,15,13,1,0,1,0,1,0,0,1,1,0,0.281,0.347,0.461,0.808,0.180,0.324
41625,Régis Blanchet,2B,MIN,26,184,R,R,10,26,90,91,18,5,0,1,7,0,0,26,1,1,0,0,3.47,-0.1323,0.3161,10,12,5,6,13,17,12,19,14,1,10,17,1,1,0,0,6,18,0,15,0,0,0,14,20,20,16,10,1,0,1,0,1,0,1,0,1,0,0.267,0.275,0.356,0.630,0.089,0.365
41274,Mike Watson,LF,PHI,24,185,L,L,6,27,99,110,12,4,1,8,21,3,0,20,7,3,1,0,4.07,0.1048,0.5741,16,16,15,10,15,13,12,10,2,13,12,15,1,1,0,0,13,0,0,0,15,8,12,19,11,3,19,11,1,0,1,0,1,0,1,0,1,0,0.253,0.300,0.556,0.856,0.303,0.230
20747,Curt Lieberman,C,DET,27,186,R,R,9,27,96,105,11,5,0,2,8,0,0,31,6,2,3,1,4.45,-0.5777,-0.1004,11,15,12,11,12,2,5,3,4,3,2,4,12,9,0,10,0,0,0,0,0,0,0,7,18,14,7,1,1,0,0,1,1,0,0,0,1,0,0.188,0.257,0.302,0.559,0.115,0.254
22102,Jorge Burgos,3B,CAR,24,181,R,R,8,31,111,131,13,9,0,6,28,2,0,41,17,1,1,0,5.50,0.8763,0.7686,13,17,16,16,10,13,14,12,15,10,13,8,1,1,0,0,7,11,12,2,0,1,0,18,15,20,2,8,0,1,1,0,0,1,1,0,1,0,0.252,0.351,0.495,0.847,0.243,0.333
32892,Marcella Farris,SS,NYM,22,166,S,R,4,28,102,113,22,5,0,0,6,0,1,39,9,0,1,1,4.34,0.049,0.2426,10,13,1,13,6,19,20,20,20,1,0,0,1,1,0,0,0,9,0,20,0,0,0,19,20,20,16,14,0,1,0,1,0,0,0,1,1,0,0.265,0.330,0.314,0.644,0.049,0.429
34376,Josh Potter,1B,TEX,24,205,L,L,7,31,109,123,16,2,0,8,15,1,0,29,10,1,3,1,4.38,-0.0541,0.1623,15,16,15,12,12,7,6,6,3,1,2,2,1,1,0,0,15,0,0,0,0,0,0,4,15,20,2,1,1,0,1,0,1,0,0,0,0,1,0.239,0.317,0.477,0.794,0.239,0.247
1672,Rodolfo Alarcon,DH,CHR,24,190,L,R,9,6,11,13,2,0,2,0,0,0,1,4,1,0,0,0,4.82,0.088,0.1642,12,16,12,11,12,1,2,11,2,6,14,17,1,1,0,0,0,0,0,0,0,0,8,16,19,14,3,1,1,0,1,0,1,0,1,0,1,0,0.364,0.417,0.727,1.144,0.364,0.571
38775,Luis Aceves,1B,SEA,30,188,S,R,14,33,130,140,19,2,0,11,25,0,1,30,9,8,0,2,3.81,1.0107,0.5902,12,13,18,6,14,8,12,14,4,1,12,11,1,3,0,0,15,0,9,0,0,0,0,1,4,1,7,1,1,0,1,0,1,0,0,1,1,0,0.246,0.295,0.515,0.810,0.269,0.236
29893,Jinrou Nakamura,RF,MTL,24,182,S,L,8,31,127,140,24,8,2,6,17,0,0,15,12,0,1,1,3.92,0.7823,1.277,16,17,13,10,16,1,1,7,1,12,15,13,1,1,0,0,0,0,0,0,0,8,13,18,20,13,6,7,1,0,1,0,0,0,1,0,1,0,0.315,0.379,0.551,0.930,0.236,0.321
42262,Juan Alvarado,CF,DET,22,181,L,R,7,29,119,131,26,12,2,1,9,0,0,5,9,0,3,1,3.55,1.1269,1.4159,17,16,4,8,20,11,7,6,8,18,11,12,1,1,0,0,0,0,0,0,20,16,0,20,18,14,10,10,0,1,1,0,0,1,0,0,0,0,0.345,0.405,0.504,0.909,0.160,0.354
34605,Zion Guishard,SS,CAR,28,183,R,R,11,8,13,13,4,2,0,0,1,0,0,3,0,0,0,0,3.38,0.2199,0.2054,9,10,5,9,13,16,18,14,20,11,18,11,1,1,0,0,0,15,0,17,0,0,0,19,20,17,15,7,0,1,0,1,0,0,1,0,1,0,0.462,0.462,0.615,1.077,0.154,0.600
38024,Motonobu Takeuchi,LF,NYM,27,199,L,R,11,25,82,88,5,5,0,7,17,0,0,27,6,1,0,0,4.24,0.4163,0.3159,13,17,15,12,10,1,1,4,1,11,11,14,1,1,0,0,0,0,0,0,13,0,8,3,1,2,8,1,1,0,1,0,0,0,1,0,1,0,0.207,0.261,0.524,0.786,0.317,0.208
40797,Josh Duhon,LF,HOU,26,191,L,L,8,32,130,141,24,7,2,11,30,1,0,27,10,2,0,0,4.18,1.0817,1.8477,17,16,15,11,15,12,8,7,1,15,13,16,1,1,0,0,0,0,0,0,18,10,13,15,20,19,20,9,0,0,1,0,1,0,1,0,1,0,0.338,0.383,0.677,1.060,0.338,0.355
19317,Joe Murray,LF,DET,29,192,R,R,11,15,44,45,6,5,0,0,7,0,0,16,1,1,0,0,3.89,0.0177,0.1855,12,12,10,10,12,1,3,8,3,17,11,14,1,1,0,0,0,0,0,0,20,16,16,20,20,20,6,3,1,0,1,0,1,0,1,0,1,0,0.250,0.267,0.364,0.630,0.114,0.393
34979,Jim McFeeters,CF,FLA,28,184,L,L,10,32,119,129,15,8,1,8,29,0,1,20,7,1,2,1,3.63,1.5901,1.0677,13,13,13,9,14,8,9,7,1,18,14,16,1,1,0,0,0,0,0,0,0,18,18,17,18,16,4,6,1,0,1,0,0,1,1,0,1,0,0.269,0.320,0.555,0.875,0.286,0.264
38257,Alan Flemings,C,PHI,29,182,S,R,10,30,94,131,14,12,0,4,15,0,1,17,35,3,1,0,6.65,1.8367,2.0374,14,16,13,18,15,2,4,6,7,1,10,6,12,12,0,12,0,0,0,0,0,0,0,1,6,2,7,1,1,0,0,1,1,0,0,1,1,0,0.319,0.508,0.574,1.082,0.255,0.356
43120,Ignacio Arreola,CF,ARI,26,182,L,R,9,31,123,141,19,9,2,9,25,0,0,31,17,0,1,1,4.32,1.2077,1.922,16,18,15,12,15,6,5,10,7,16,14,14,1,1,0,0,0,0,0,0,0,14,0,17,19,13,6,1,0,1,1,0,1,0,1,0,1,0,0.317,0.404,0.642,1.047,0.325,0.361
19228,Damani Loving,C,HOU,29,193,R,R,12,11,36,45,3,1,0,4,6,0,0,8,9,2,0,0,5.19,-0.1286,0.5424,10,15,12,12,9,3,6,6,1,1,6,4,6,11,0,6,5,0,0,0,0,0,0,13,18,15,5,9,1,0,0,0,0,1,0,0,0,0,0.222,0.378,0.583,0.961,0.361,0.167
20235,Ezequiel Luna,LF,NYY,25,192,S,R,9,33,129,147,10,12,1,7,22,0,0,42,14,0,4,0,4.72,0.3485,0.7832,12,18,16,14,10,2,3,5,2,12,17,10,1,1,0,0,1,0,0,0,14,6,11,19,19,11,3,1,1,0,1,0,1,0,1,0,1,0,0.233,0.327,0.504,0.830,0.271,0.288
37701,Jorge Ocasio,LF,BAL,27,190,L,L,10,10,22,25,6,0,0,1,4,1,0,5,2,1,0,0,4.55,-0.0805,0.1049,12,14,14,11,12,1,2,6,1,10,13,16,1,1,0,0,0,0,0,0,11,0,11,6,1,1,6,1,1,0,0,1,0,0,1,0,0,1,0.318,0.360,0.455,0.815,0.136,0.353
43691,Takekazu Kobayashi,CF,NYM,26,187,L,R,11,14,23,26,5,0,1,0,0,0,1,6,2,0,0,0,3.52,-0.1177,0.0942,11,11,3,12,14,8,5,9,7,17,16,18,1,1,0,0,0,0,0,0,20,15,20,18,19,20,12,6,1,0,0,0,1,0,1,0,1,0,0.261,0.320,0.348,0.668,0.087,0.353
38334,Kevin Broglio,RF,FLA,25,184,R,R,7,32,122,126,22,5,3,2,8,0,0,23,4,4,0,0,3.43,-0.4663,0.0428,15,14,8,7,18,1,1,9,1,11,13,17,1,1,0,0,0,0,0,0,0,0,13,16,19,10,16,12,1,0,1,0,1,0,1,0,1,0,0.262,0.286,0.402,0.687,0.139,0.309
39840,Joey Fowler,RF,ATL,25,186,L,L,8,31,127,141,15,5,1,8,14,2,0,50,11,1,1,0,4.14,-0.3459,0.5281,15,18,18,12,11,2,4,10,1,11,15,15,1,1,0,0,0,0,0,0,14,0,13,19,14,10,6,1,1,0,0,1,1,0,0,1,1,0,0.228,0.291,0.472,0.763,0.244,0.296
40601,Juan Figueredo,LF,CIN,26,184,R,R,8,21,44,47,7,4,0,4,7,0,0,11,3,1,0,0,3.70,-0.1425,0.7478,12,15,12,10,12,1,4,11,3,14,14,14,1,1,0,0,0,0,0,0,17,10,10,17,20,20,1,1,0,0,1,0,0,1,1,0,0,1,0.341,0.383,0.705,1.088,0.364,0.379
41347,Sergio Marrufo,3B,NYM,31,186,R,R,15,30,107,123,11,8,0,9,22,2,1,24,10,6,3,0,4.14,0.4968,1.2126,11,14,13,9,15,9,15,20,16,4,10,16,1,1,0,0,0,0,16,2,0,0,1,1,6,12,6,2,1,0,0,1,1,0,0,1,1,0,0.262,0.336,0.589,0.925,0.327,0.250
43639,Ta-heng Huan,3B,STL,27,193,R,R,12,31,106,122,13,5,1,1,6,1,1,21,13,1,1,0,4.57,-0.1428,-0.2501,12,17,10,12,15,15,20,17,20,3,8,11,1,1,0,0,14,19,19,17,0,0,0,14,5,2,5,1,0,1,1,0,1,0,1,0,1,0,0.189,0.281,0.283,0.564,0.094,0.224
35677,Josh Blake,RF,LAD,25,186,R,R,7,22,59,64,13,1,0,4,10,1,1,17,3,3,0,0,4.17,0.2973,0.2966,13,13,11,8,14,10,9,9,10,9,15,16,1,1,0,0,0,6,1,0,0,0,11,13,18,9,8,1,1,0,0,1,1,0,1,0,1,0,0.305,0.333,0.525,0.859,0.220,0.359
37679,Mike Wessinger,RF,MIL,25,183,R,R,7,11,22,27,4,2,0,1,3,0,1,3,4,0,0,0,4.77,-0.0249,0.2615,10,17,9,10,9,10,11,10,11,13,17,16,1,1,0,0,0,0,0,0,17,9,16,18,14,8,20,14,1,0,0,0,1,0,0,1,1,0,0.318,0.423,0.545,0.969,0.227,0.333
40516,Arturo Mata,2B,MIL,33,183,L,R,17,12,33,36,3,1,0,3,4,0,0,13,3,0,0,1,4.00,0.2072,0.2539,10,8,14,9,9,17,15,19,17,9,10,14,1,1,0,0,9,19,19,16,0,0,1,15,15,16,6,9,1,0,1,0,0,0,1,0,1,0,0.212,0.278,0.515,0.793,0.303,0.235
46072,Jon Mazelin,LF,ARI,22,191,R,R,1,19,16,19,2,1,0,2,9,0,0,4,2,1,1,0,4.56,-0.167,0.3168,12,14,17,12,10,2,2,11,1,9,9,16,1,1,0,0,0,0,0,0,11,0,2,6,5,9,3,1,1,0,1,0,1,0,0,1,0,1,0.313,0.421,0.750,1.171,0.438,0.300
19581,Sumiaki Watanabe,RF,MTL,24,185,R,R,7,22,83,89,11,3,0,5,14,1,0,18,4,1,1,1,3.57,0.1824,-0.2504,13,14,9,5,16,8,6,9,7,11,12,15,1,1,0,0,2,0,0,0,14,3,12,13,17,18,7,1,1,0,1,0,0,1,1,0,0,0,0.229,0.270,0.446,0.715,0.217,0.230
27270,Jamie Greene,CF,MIN,27,185,R,R,9,18,70,80,12,1,1,7,14,0,1,12,6,2,3,0,4.37,0.6525,1.2183,13,14,11,10,13,2,4,9,3,17,13,13,1,1,0,0,0,0,0,0,20,15,17,18,19,17,7,1,1,0,1,0,1,0,0,1,0,0,0.300,0.380,0.643,1.023,0.343,0.275
34724,Zach Fairwell,CF,WAS,24,191,L,L,6,17,29,31,5,0,0,0,0,0,0,5,1,1,1,1,3.76,-0.4284,-0.3081,12,13,7,7,17,14,9,16,1,17,15,20,1,1,0,0,18,0,0,0,4,16,16,19,20,13,7,5,1,0,1,0,1,0,1,0,1,0,0.172,0.226,0.172,0.398,0.000,0.208
42144,Dave Powell,3B,TEX,22,194,R,R,5,14,43,49,4,3,0,2,9,0,0,18,3,3,3,0,4.47,0.1032,0.1289,10,11,14,10,11,8,13,17,6,6,9,15,1,1,0,0,0,0,11,0,0,0,0,8,3,4,4,4,1,0,0,0,1,0,1,0,1,0,0.209,0.306,0.419,0.725,0.209,0.304
21085,Juan Caceres,DH,MTL,29,197,R,L,12,6,14,16,1,1,0,0,1,0,0,7,2,0,0,0,4.64,0.1125,-0.0644,13,15,15,10,11,1,2,6,1,5,10,12,1,1,0,0,0,0,0,0,0,0,5,6,3,2,6,1,1,0,0,1,1,0,1,0,1,0,0.143,0.250,0.214,0.464,0.071,0.286
1994,Humberto Lazo,LF,MIL,31,188,L,L,15,29,94,108,16,3,0,2,5,1,0,20,12,1,1,0,4.34,0.1501,0.1855,14,16,1,12,17,5,4,4,1,11,11,12,1,1,0,0,0,0,0,0,13,2,0,15,18,19,18,12,0,1,0,1,0,0,0,1,1,0,0.223,0.315,0.319,0.634,0.096,0.260
21777,Jorge Trujillo,LF,LAD,26,184,L,R,10,31,116,134,17,10,1,4,14,1,1,26,13,2,3,2,4.30,0.513,1.0076,15,18,12,11,15,5,7,6,8,15,9,5,1,1,0,0,0,0,0,0,15,0,5,19,20,15,3,1,1,0,1,0,0,0,1,0,1,0,0.276,0.361,0.483,0.844,0.207,0.322
24112,Alfredo Flores,1B,LVS,27,177,S,R,7,31,129,141,23,7,1,4,15,1,0,20,11,2,0,0,3.84,-0.3078,0.2712,18,17,16,12,17,8,12,9,17,2,10,5,1,1,0,0,12,8,0,0,0,0,0,15,17,7,6,1,0,0,0,1,0,1,1,0,0,0,0.271,0.326,0.434,0.760,0.163,0.292
27250,Royce Lewis,2B,OAK,35,185,R,R,25,30,115,128,14,6,1,3,10,0,2,39,11,0,0,0,4.47,0.02,-0.0538,12,13,10,13,12,11,19,14,17,7,14,11,1,1,0,0,0,16,5,9,0,0,0,12,20,20,15,4,1,0,1,0,1,0,0,1,1,0,0.209,0.278,0.357,0.634,0.148,0.288
43629,Rogelio Corona,RF,STL,25,185,L,R,9,11,7,11,0,1,0,0,0,0,0,2,4,0,0,1,6.14,-0.2176,-0.0626,13,16,14,10,12,1,2,12,2,10,14,15,1,1,0,0,0,0,0,0,12,4,12,6,18,20,8,1,1,0,1,0,1,0,0,0,0,0,0.143,0.455,0.286,0.740,0.143,0.200
36018,Eric Sparks,1B,PIT,26,192,L,L,5,30,108,125,8,5,0,5,7,0,0,44,17,1,0,0,5.00,-0.265,-0.2967,11,15,18,16,8,2,11,7,2,8,7,12,1,1,6,0,9,0,0,0,8,0,2,13,16,17,14,14,1,0,1,0,0,1,0,0,1,0,0.167,0.280,0.352,0.632,0.185,0.220
40234,Jim Roberts,CF,HOU,26,185,R,R,9,32,130,144,13,2,0,10,21,0,0,54,14,3,0,0,4.74,-0.9418,0.1803,9,11,17,12,7,6,5,7,6,17,18,16,1,1,0,0,0,0,0,0,0,15,0,20,20,19,5,1,1,0,1,0,0,0,1,0,1,0,0.192,0.271,0.438,0.709,0.246,0.227
40923,Noel Gaston,1B,NYY,26,185,L,L,8,32,105,136,11,4,1,3,17,2,0,36,29,5,0,0,6.50,0.5464,0.1589,12,11,16,19,10,6,8,7,3,1,3,4,1,1,0,0,10,0,0,0,0,0,0,2,3,4,6,4,1,0,1,0,0,1,1,0,0,1,0.181,0.353,0.324,0.677,0.143,0.235
42069,Branco de Jong,RF,TOR,27,185,L,R,10,29,106,117,21,8,1,4,15,0,0,12,11,1,0,1,4.13,0.6676,0.9678,15,16,12,10,17,1,2,7,2,13,14,16,1,1,0,0,0,0,0,0,15,7,15,12,18,19,4,5,0,1,1,0,1,0,1,0,1,0,0.321,0.385,0.528,0.913,0.208,0.333
38516,Lenin Rodriguez,C,PHI,36,175,R,R,26,8,19,23,1,1,0,0,1,0,0,7,4,0,0,0,5.00,-0.137,-0.0127,9,12,8,12,9,1,7,8,2,1,2,5,8,14,0,10,2,0,0,0,0,0,0,7,7,19,12,1,1,0,1,0,1,0,1,0,1,0,0.105,0.261,0.158,0.419,0.053,0.167
38116,Greg McAleer,2B,SF,24,181,L,R,6,12,16,19,4,2,0,1,7,1,0,2,2,0,0,0,4.06,1.2425,0.363,13,13,5,5,18,13,9,11,19,3,8,7,1,1,0,0,0,14,0,0,0,0,0,2,20,19,6,4,1,0,0,1,1,0,1,0,1,0,0.438,0.474,0.750,1.224,0.313,0.429
19802,Rémi Terrien,SS,NYY,25,183,R,R,9,13,33,35,5,1,0,0,4,0,0,12,2,0,0,0,4.18,-0.3001,-0.052,10,14,6,10,9,11,20,20,17,4,13,19,1,1,0,0,0,13,19,12,0,0,2,17,19,20,11,5,0,0,1,0,0,1,0,0,0,0,0.182,0.229,0.212,0.441,0.030,0.286
20973,Ted Bowling,SS,CLE,32,186,R,R,11,22,69,84,9,2,0,0,1,0,0,18,15,2,0,0,4.80,-0.8039,-0.2069,12,11,7,13,13,17,19,19,20,11,15,14,1,1,0,0,0,14,0,18,0,0,0,10,14,12,11,1,0,0,1,0,1,0,1,0,1,0,0.159,0.310,0.188,0.498,0.029,0.216
22966,Juan Flores,LF,ARI,24,185,L,L,7,31,121,144,17,7,0,11,28,1,0,22,21,5,1,0,4.47,1.0913,1.3535,20,18,17,12,17,1,2,4,1,11,16,14,1,1,0,0,0,0,0,0,13,0,6,5,10,10,5,2,1,0,1,0,1,0,0,0,0,0,0.289,0.396,0.620,1.016,0.331,0.270
23798,Jorge Bascoy,3B,MIL,27,193,R,R,9,5,9,11,1,0,0,0,0,0,0,6,2,0,0,0,5.00,-0.2146,-0.0617,10,16,13,11,9,10,15,16,8,4,12,11,1,1,0,0,0,0,13,0,0,0,0,8,13,13,4,1,0,0,0,1,1,0,1,0,1,0,0.111,0.273,0.111,0.384,0.000,0.333
23835,Brendan Rodgers,2B,DET,38,183,R,R,24,31,125,142,28,4,0,4,18,1,2,32,13,4,1,0,4.18,0.1613,0.7579,12,13,13,11,11,13,19,15,16,1,8,10,1,2,0,0,0,17,14,12,0,0,0,11,18,19,8,3,0,1,1,0,0,1,1,0,1,0,0.288,0.357,0.416,0.773,0.128,0.356
34336,Kevin Parmenter,2B,STL,29,188,R,R,11,29,110,121,23,9,0,0,11,0,1,14,10,0,0,0,3.72,1.113,0.4343,15,16,4,10,17,9,9,9,12,5,8,2,1,1,0,0,16,8,0,0,0,0,0,19,20,20,18,16,1,0,0,1,1,0,1,0,0,1,0.291,0.350,0.373,0.723,0.082,0.333
41601,Micah Owens,3B,NYM,26,190,R,R,8,1,0,0,0,0,0,0,0,0,0,0,0,0,0,0,,0,0,11,13,11,11,10,10,14,18,13,1,6,14,1,1,0,0,18,0,14,0,0,0,0,7,17,17,5,9,1,0,0,1,0,0,0,1,1,0,,,,,,
43560,Juan Tamayo,CF,MIL,25,187,S,R,9,31,110,119,16,5,0,4,12,2,0,21,7,2,0,0,4.05,-0.2351,0.1741,11,13,9,11,17,19,20,14,17,16,19,19,1,1,0,0,0,0,18,0,20,15,20,18,17,7,5,10,0,0,0,1,1,0,1,0,1,0,0.227,0.269,0.382,0.651,0.155,0.241
31038,Dashawn Saintfleur,LF,NSH,25,186,L,L,4,31,106,130,11,3,0,5,14,2,0,29,21,1,1,1,5.04,-0.203,-0.063,15,15,17,14,13,6,5,7,1,9,12,10,1,1,0,0,9,0,0,0,10,0,4,3,12,14,2,1,0,1,0,1,1,0,1,0,1,0,0.179,0.315,0.349,0.664,0.170,0.189
24187,Juan Miramontes,CF,NYY,25,184,L,L,7,19,71,81,9,4,0,4,6,0,0,22,7,1,2,0,4.51,-0.4126,0.2878,17,15,18,12,13,11,7,6,1,15,13,14,1,1,0,0,0,0,0,0,0,12,6,18,14,19,2,1,1,0,1,0,0,1,0,0,0,0,0.239,0.325,0.465,0.790,0.225,0.289
37392,Ismael Olmo,2B,MTL,22,193,L,R,5,29,98,111,16,2,2,4,13,0,0,22,12,0,1,0,4.14,0.6771,0.6471,12,14,13,11,11,15,12,11,15,7,10,9,1,1,0,0,0,14,0,13,0,0,0,20,7,13,20,9,1,0,1,0,0,1,0,0,1,0,0.245,0.333,0.429,0.762,0.184,0.278
38489,Gilberto Escarsega,LF,STL,28,183,L,L,10,31,127,141,20,8,0,13,31,1,0,28,11,1,2,1,4.29,1.9063,1.6983,15,18,17,13,14,2,4,9,1,10,13,15,1,1,0,0,0,0,0,0,13,0,0,12,5,6,2,1,1,0,0,1,1,0,1,0,1,0,0.323,0.383,0.693,1.076,0.370,0.322
38844,Juan Flores,LF,BAL,24,184,L,L,6,32,126,138,17,5,0,10,21,0,0,34,12,1,0,0,4.13,0.1646,0.8312,14,16,15,12,13,3,7,7,2,11,14,12,1,1,0,0,0,0,0,0,13,0,0,12,11,9,8,1,1,0,1,0,0,0,1,0,1,0,0.254,0.319,0.532,0.851,0.278,0.268
1829,Yeong-il Yaung,C,NSH,25,195,R,R,9,11,36,39,5,2,0,0,3,0,0,12,3,1,0,0,3.86,0.024,-0.0563,11,14,10,11,13,2,4,6,2,1,8,5,8,9,0,7,0,0,0,0,0,0,0,2,8,4,12,2,1,0,0,1,1,0,1,0,1,0,0.194,0.256,0.250,0.506,0.056,0.292
32582,Robbie Perry,SS,TEX,23,193,R,R,5,27,94,99,16,4,0,1,7,0,0,19,4,5,1,0,3.33,-0.7015,-0.3726,13,14,5,5,16,17,12,16,19,9,9,13,1,1,0,0,0,4,0,15,0,0,0,8,2,6,5,1,1,0,1,0,1,0,1,0,1,0,0.223,0.263,0.298,0.560,0.074,0.270
32730,Jorge Andrade,1B,PHI,25,192,S,L,7,32,115,131,12,4,0,4,12,2,1,36,11,5,2,0,4.60,-0.7077,-0.4947,14,14,15,11,12,7,9,8,2,4,1,2,1,1,0,0,14,0,0,0,0,0,0,5,12,9,19,2,1,0,1,0,0,0,0,1,1,0,0.174,0.254,0.313,0.567,0.139,0.208
38827,Dave Leppla,1B,NYM,27,182,R,R,9,30,122,133,24,4,0,6,12,1,0,4,10,3,0,0,3.49,0.135,0.719,18,12,19,10,20,8,8,20,8,4,9,16,1,1,0,0,12,0,9,0,0,0,0,4,7,6,4,1,1,0,0,1,0,0,0,1,1,0,0.279,0.331,0.459,0.790,0.180,0.248
40354,Jake Taylor,2B,BOS,25,188,S,R,8,30,114,132,20,4,0,3,13,0,0,20,17,0,1,1,4.25,-0.1683,0.3249,13,15,10,11,15,13,14,16,15,4,8,14,1,1,0,0,0,14,14,11,0,0,0,10,3,2,7,8,1,0,1,0,0,1,1,0,1,0,0.237,0.341,0.351,0.692,0.114,0.264
34917,Eddie Pettee,1B,CHC,30,184,R,R,12,26,61,75,8,6,0,2,12,2,1,13,10,2,1,0,5.43,0.4208,0.273,12,15,12,15,13,5,15,15,11,4,3,11,1,1,0,0,12,0,9,0,0,0,0,2,14,14,6,1,1,0,0,1,1,0,0,1,1,0,0.262,0.365,0.459,0.824,0.197,0.292
38240,Jorge Luna,3B,DET,28,190,S,R,10,32,109,131,24,4,0,7,25,3,0,30,11,2,8,0,4.56,1.3516,1.4146,14,13,18,11,13,12,14,20,11,8,10,15,1,1,0,0,0,0,16,0,0,0,0,10,6,1,4,1,1,0,1,0,1,0,1,0,1,0,0.321,0.412,0.550,0.963,0.229,0.373
39195,Jon Mackie,LF,MTL,23,177,L,L,5,10,38,42,9,3,0,0,4,0,0,4,3,2,1,0,3.34,0.5294,0.3063,15,15,12,8,17,11,8,7,1,14,14,12,1,1,0,0,0,0,0,0,9,11,4,19,17,19,3,11,1,0,1,0,1,0,1,0,0,0,0.316,0.381,0.395,0.776,0.079,0.353
39744,Kevin Strickland,2B,LVS,28,185,R,R,10,31,131,139,24,3,3,7,20,1,0,29,6,2,1,0,3.50,0.0789,0.7134,11,17,13,9,15,13,11,6,12,10,3,7,1,1,0,0,0,12,0,0,0,0,0,16,19,20,19,11,1,0,1,0,1,0,1,0,1,0,0.282,0.317,0.511,0.828,0.229,0.313
43463,Alfredo Cordovez,2B,RR,28,187,R,R,12,16,59,61,6,4,0,1,3,0,0,14,2,0,0,0,3.86,-0.7584,-0.5155,10,13,8,13,13,15,14,10,16,13,20,16,1,1,0,0,0,17,0,13,18,10,16,17,9,2,6,9,1,0,1,0,1,0,1,0,1,0,0.186,0.213,0.305,0.518,0.119,0.227
18252,Gwang-oo Kym,SS,MOB,23,184,R,R,7,19,65,68,10,2,0,0,2,0,0,34,3,1,0,0,4.31,-0.9571,-0.3213,7,9,3,9,7,20,19,20,19,4,14,20,1,1,0,0,0,10,14,20,1,0,0,5,8,11,8,2,0,0,1,0,1,0,1,0,1,0,0.185,0.221,0.215,0.436,0.031,0.387
42460,Jackson Broderick,C,ARI,22,194,S,R,2,29,103,118,11,4,0,7,13,0,0,43,14,2,1,1,4.98,-0.8686,0.663,12,13,16,15,7,2,15,4,12,2,3,3,15,14,0,13,0,0,0,0,0,0,0,13,9,14,9,9,0,1,1,0,0,0,0,1,0,1,0.214,0.314,0.456,0.770,0.243,0.283
34029,Danny Beaty,RF,PHI,26,184,L,R,5,31,128,142,19,11,0,9,26,1,0,39,12,1,1,0,4.29,1.2972,1.2053,14,17,17,11,12,11,9,11,10,10,16,16,1,1,0,0,0,8,6,0,13,4,12,12,13,16,1,9,1,0,0,1,1,0,1,0,0,1,0.305,0.366,0.602,0.968,0.297,0.370
35172,Josh Gertner,3B,ATL,27,182,R,R,9,31,121,136,14,9,1,7,16,1,0,37,11,4,3,0,4.66,-0.1482,0.9409,12,17,14,12,10,13,15,19,9,1,11,13,1,1,0,0,12,0,16,0,0,0,0,3,8,9,5,1,1,0,1,0,1,0,0,1,1,0,0.256,0.331,0.521,0.852,0.264,0.308
40034,Dashawn McCalop,1B,BOS,26,189,L,R,9,19,62,73,14,8,1,2,8,0,0,11,11,1,0,0,4.31,0.5479,1.107,14,15,12,11,15,2,11,8,4,3,2,2,1,1,0,0,8,0,0,0,0,0,0,1,2,1,8,4,1,0,0,1,1,0,1,0,1,0,0.403,0.493,0.661,1.154,0.258,0.469
40365,Luis Soto,CF,CLE,34,189,L,R,18,10,34,35,10,1,0,0,1,0,0,13,0,0,1,0,3.94,0.0611,0.2042,11,11,9,10,12,2,5,9,2,17,20,15,1,1,0,0,0,0,0,0,0,16,6,17,19,19,20,8,1,0,1,0,1,0,1,0,1,0,0.324,0.343,0.353,0.696,0.029,0.524
20556,Jared Arbuckle,C,DET,30,178,L,R,12,7,26,27,7,2,0,0,3,0,0,7,1,0,0,0,4.08,0.2309,0.1918,9,11,5,11,11,1,4,8,6,3,5,9,10,11,0,10,0,0,0,0,0,0,0,1,4,1,5,1,1,0,0,1,1,0,1,0,0,1,0.346,0.370,0.423,0.793,0.077,0.474
27363,Luis Arguelles,SS,VAN,21,189,R,R,6,32,138,147,31,3,4,0,9,0,1,38,7,1,1,0,3.62,0.2125,0.1176,13,13,3,7,13,17,20,15,19,18,20,13,1,1,0,0,0,3,2,18,0,4,4,20,18,17,16,13,1,0,1,0,1,0,0,1,1,0,0.275,0.315,0.355,0.670,0.080,0.380
42456,Juan Soto,RF,OAK,22,194,L,L,7,28,95,100,17,3,2,6,19,1,0,14,4,3,0,0,3.49,1.1343,0.5621,14,12,14,7,17,4,6,7,1,11,16,15,1,1,0,0,0,0,0,0,13,0,12,10,16,18,4,1,1,0,1,0,1,0,0,1,1,0,0.295,0.320,0.558,0.878,0.263,0.289
39910,J.R. Fales,3B,ARI,28,179,R,R,8,31,122,137,20,8,1,9,26,0,1,27,13,3,1,0,4.11,2.1225,1.5532,14,15,16,10,14,11,8,18,7,6,9,15,1,1,0,0,0,0,12,0,0,0,0,4,14,8,3,1,1,0,0,1,0,0,1,0,0,1,0.311,0.382,0.615,0.997,0.303,0.337
40624,Braedon Delong,2B,SF,22,182,S,R,5,29,117,127,24,6,2,4,14,1,0,21,7,3,2,0,3.71,0.2682,0.8233,13,17,7,5,16,13,12,7,18,2,10,4,1,1,0,0,0,14,0,0,0,0,0,17,18,20,5,3,1,0,0,1,0,1,1,0,1,0,0.308,0.354,0.496,0.850,0.188,0.344
41234,Christian Yelich Jr.,RF,DET,23,189,L,R,6,29,116,122,19,4,0,11,25,3,0,31,3,0,0,0,3.64,0.3321,0.8672,17,11,16,6,10,5,4,15,4,17,20,18,1,1,0,0,0,0,0,0,0,16,20,19,18,13,12,7,0,1,0,1,0,0,0,1,0,0,0.293,0.303,0.612,0.915,0.319,0.299
42289,Juan Caballero,2B,CIN,22,192,R,R,5,5,14,14,2,1,0,0,1,0,0,4,0,3,0,0,4.07,-0.3326,-0.0306,12,14,2,6,12,15,17,10,20,8,11,9,1,1,0,0,0,19,0,15,0,0,0,20,18,13,10,1,0,1,0,1,0,0,0,1,1,0,0.214,0.214,0.286,0.500,0.071,0.300
33969,Sergio Machado,LF,LAD,24,188,L,L,6,20,80,84,11,4,0,3,10,1,0,7,2,3,1,0,2.96,-0.15,-0.4172,15,16,9,6,19,6,6,5,1,10,16,13,1,1,0,0,2,0,0,0,13,2,1,16,8,2,6,5,0,1,1,0,1,0,0,1,1,0,0.225,0.250,0.388,0.638,0.163,0.211
34911,Butch Engel,C,TOR,27,184,R,R,9,17,54,65,10,2,0,5,17,1,0,12,10,2,0,0,5.61,1.1524,1.0444,9,11,7,19,13,1,2,3,2,1,2,2,12,6,0,7,0,0,0,0,0,0,0,1,7,10,4,2,1,0,0,0,1,0,1,0,0,0,0.315,0.415,0.630,1.045,0.315,0.316
35914,Layne Dugles,2B,NSH,23,185,L,R,6,30,123,130,23,6,1,1,5,1,0,31,3,1,3,0,3.55,-1.441,0.2219,12,14,4,8,16,18,14,7,14,18,15,13,1,2,0,0,18,18,0,12,0,16,0,20,11,8,6,1,1,0,1,0,1,0,1,0,1,0,0.252,0.285,0.341,0.626,0.089,0.326
37927,Tye Bostock,C,PIT,27,189,L,R,11,24,93,97,13,8,0,1,7,0,0,24,3,1,1,0,3.81,-0.6938,0.0201,16,17,12,8,16,1,2,2,1,1,2,2,15,15,0,16,0,0,0,0,0,0,0,2,12,9,6,4,0,1,0,0,0,1,0,0,0,0,0.237,0.268,0.355,0.623,0.118,0.309
38729,Dashawn Judon,C,LVS,27,197,L,R,9,29,103,110,19,9,0,0,10,0,0,32,5,2,2,0,4.35,-0.4507,0.2604,12,16,10,10,15,2,2,4,2,3,10,4,13,8,0,11,0,0,0,0,0,0,0,9,5,1,4,6,1,0,1,0,0,1,0,0,1,0,0.272,0.318,0.359,0.677,0.087,0.394
19911,Rahim Kidd,RF,LAA,33,185,L,L,21,27,91,103,17,3,1,4,14,1,0,23,10,1,1,0,4.12,0.4413,0.3578,14,11,13,12,12,1,2,1,2,8,16,17,1,1,0,0,0,0,0,0,3,0,11,3,15,19,9,1,1,0,0,1,1,0,1,0,0,0,0.275,0.350,0.462,0.811,0.187,0.323
30835,Luis Palma,CF,LAD,28,190,R,R,11,20,50,54,11,3,0,1,6,1,0,8,3,2,0,0,3.52,0.158,0.2159,14,14,7,4,18,11,14,2,15,14,18,10,1,1,0,0,0,0,0,0,17,11,0,13,16,13,5,1,1,0,1,0,1,0,0,0,0,1,0.300,0.333,0.420,0.753,0.120,0.333
21784,Luis Nava,3B,TOR,26,182,R,R,10,32,128,136,13,8,0,7,18,1,0,45,7,4,0,0,4.43,-0.9026,0.3227,13,15,14,12,13,8,11,17,7,1,7,15,1,1,0,0,12,0,11,0,0,0,0,7,18,12,6,1,1,0,1,0,1,0,1,0,1,0,0.219,0.257,0.445,0.703,0.227,0.273
43679,Chan-ho Yeun,CF,FLA,28,192,R,R,11,6,6,6,1,0,0,0,1,0,0,3,0,1,0,0,4.67,-0.0864,-0.061,10,10,3,10,12,6,5,6,6,20,16,13,1,1,0,0,0,0,0,0,0,20,0,18,19,13,7,1,1,0,0,1,0,0,0,1,0,0,0.167,0.167,0.167,0.333,0.000,0.333
23011,Tim Korman,1B,WAS,36,184,S,R,15,31,120,135,20,8,0,9,28,1,0,19,14,3,0,0,4.67,1.0492,1.0995,17,16,15,14,15,3,14,20,11,1,11,15,1,1,0,0,10,0,3,0,0,0,0,3,1,5,1,1,1,0,1,0,1,0,1,0,1,0,0.308,0.378,0.600,0.978,0.292,0.301
19865,Wei-qiang Yue,SS,PIT,25,187,R,R,10,13,26,30,2,2,0,0,1,0,0,9,3,1,1,0,4.69,-0.379,-0.1228,10,11,1,11,10,15,20,17,20,1,15,13,1,1,0,0,0,0,0,17,0,0,0,17,18,18,10,6,1,0,0,1,0,0,0,1,0,1,0.154,0.267,0.231,0.497,0.077,0.235
23884,Rodolfo Vega,LF,SF,24,187,L,L,8,31,116,131,21,7,1,7,15,1,0,29,14,4,0,3,4.36,0.3059,0.8066,15,17,16,12,14,1,3,9,1,10,13,14,1,1,0,0,0,0,0,0,12,0,11,4,9,1,4,1,1,0,1,0,0,1,0,0,0,0,0.310,0.382,0.569,0.951,0.259,0.358
39769,Esteban Leyva,3B,NYY,29,189,R,R,12,10,27,31,3,3,0,1,13,0,0,10,3,1,1,0,5.11,0.7335,0.1161,10,11,8,14,11,8,11,18,10,3,10,14,1,1,0,0,15,0,12,0,0,0,0,10,19,12,7,1,0,1,0,1,1,0,0,1,1,0,0.259,0.355,0.481,0.836,0.222,0.375
41081,Jorge Leyva,2B,WAS,31,194,R,R,15,31,125,134,23,11,1,1,11,2,1,17,4,3,2,0,3.58,0.1403,0.5462,17,15,5,8,19,12,9,8,15,1,15,2,1,1,0,0,0,11,0,0,0,0,0,14,19,20,9,1,1,0,1,0,0,1,1,0,1,0,0.288,0.316,0.416,0.732,0.128,0.321
41440,Dave Gardner,1B,LAA,24,191,R,R,6,31,124,138,19,2,0,9,20,1,0,52,12,2,1,0,4.30,-0.3141,0.4325,12,12,20,14,6,8,8,8,4,7,6,3,1,1,0,0,15,0,0,0,0,0,0,13,17,14,3,8,0,1,1,0,1,0,1,0,1,0,0.242,0.312,0.476,0.787,0.234,0.328
44253,Rob Horowitz,RF,HOU,29,192,L,L,5,22,68,89,20,4,0,1,5,0,0,10,18,0,3,0,5.26,0.4789,1.2246,14,13,11,14,16,3,4,9,1,14,13,12,1,1,0,0,0,0,0,0,0,0,14,8,10,11,5,3,1,0,1,0,0,1,0,0,0,0,0.368,0.517,0.471,0.987,0.103,0.421
1825,Sacha Crielaard,CF,LAA,26,195,R,R,11,31,122,128,25,4,1,7,19,1,0,21,2,2,3,0,3.52,-0.0325,1.084,11,13,12,4,17,7,5,5,5,17,17,16,1,1,0,0,0,0,0,0,17,17,0,19,17,8,5,3,1,0,0,1,0,0,1,0,0,0,0.303,0.328,0.525,0.853,0.221,0.316
23830,Josh Parker,CF,SEA,30,193,R,R,12,19,65,70,9,5,0,1,10,0,0,6,4,3,0,1,3.42,0.1537,-0.14,12,14,11,9,17,1,4,7,4,15,15,13,1,1,0,0,0,0,0,0,18,12,15,15,20,19,7,1,1,0,1,0,1,0,0,0,1,0,0.231,0.275,0.354,0.629,0.123,0.241
40993,Juan Farinas,RF,LAA,32,179,R,R,17,31,128,137,35,9,1,1,11,0,1,9,7,3,1,1,3.47,0.7652,0.9153,16,16,1,9,19,8,15,6,12,10,20,18,1,1,0,0,0,1,0,0,14,3,14,14,19,20,16,5,1,0,0,1,1,0,0,1,0,1,0.359,0.397,0.469,0.866,0.109,0.381
39934,Jake Holland,C,LAD,34,188,R,R,18,26,89,100,11,1,0,2,8,1,0,38,9,5,1,0,4.26,-0.6287,-0.4196,11,10,13,8,9,1,3,12,2,1,3,5,7,17,0,12,0,0,0,0,0,0,0,2,10,15,4,1,1,0,1,0,1,0,1,0,1,0,0.157,0.240,0.236,0.476,0.079,0.240
44015,Euan Macdonald,1B,BAL,31,189,L,R,3,21,46,55,6,1,0,3,6,1,0,16,7,1,1,0,4.59,-0.0519,-0.0081,12,14,16,12,14,6,2,2,3,7,4,5,1,1,0,0,8,0,0,0,0,0,0,2,2,1,6,1,1,0,1,0,1,0,1,0,1,0,0.217,0.327,0.435,0.762,0.217,0.250
31255,Shawn Garay,C,NYM,24,184,L,R,6,27,108,114,22,5,0,4,13,0,0,17,6,2,0,0,3.61,-0.137,0.6723,14,16,12,10,17,1,3,9,2,1,3,6,11,11,0,11,0,0,0,0,0,0,0,6,10,11,6,7,0,1,1,0,1,0,1,0,1,0,0.287,0.325,0.444,0.769,0.157,0.310
40746,Sergio Moreno,LF,LVS,24,189,L,L,7,31,127,141,20,7,0,7,21,0,0,38,10,3,4,0,4.42,0.3839,0.4604,16,13,17,11,16,1,1,10,1,8,14,9,1,1,0,0,0,0,0,0,8,0,0,2,12,19,5,1,1,0,1,0,1,0,1,0,1,0,0.268,0.340,0.488,0.829,0.220,0.329
42539,Mike Singer,CF,MTL,31,179,L,L,13,31,123,136,23,6,0,4,15,0,0,23,13,3,0,0,4.12,0.4693,0.2808,11,16,12,13,14,4,4,4,1,15,20,12,1,1,0,0,0,0,0,0,14,12,0,15,17,19,7,1,1,0,1,0,1,0,0,0,0,0,0.268,0.338,0.415,0.753,0.146,0.302
20741,Josh Abiuso,RF,CAR,28,198,L,L,9,32,115,135,12,5,0,11,31,0,0,31,19,4,1,1,5.50,0.8683,0.9598,14,17,19,16,13,1,3,6,1,6,13,11,1,2,0,0,0,0,0,0,0,0,5,2,12,20,3,1,0,1,0,1,0,0,1,0,1,0,0.243,0.356,0.574,0.929,0.330,0.233
21658,Kamari Staffney,RF,ATL,26,186,L,L,9,30,106,116,7,7,1,7,15,0,0,45,8,2,2,2,4.10,-0.2164,0.1142,14,17,19,10,9,1,3,6,1,8,15,17,1,1,0,0,0,0,0,0,10,0,3,4,14,20,7,1,1,0,0,1,1,0,1,0,1,0,0.208,0.276,0.491,0.766,0.283,0.278
27080,Juan Valenzuela,CF,VAN,23,184,L,R,6,28,79,83,14,9,1,1,7,0,0,14,4,1,0,0,3.39,0.0952,0.6586,12,14,10,8,16,7,5,5,7,18,13,14,1,1,0,0,0,0,0,0,20,17,0,20,12,7,7,5,1,0,1,0,0,0,0,1,1,0,0.316,0.349,0.494,0.843,0.177,0.375
38201,Mike Walmer,2B,TOR,32,175,S,R,10,11,38,48,5,1,1,0,2,1,0,13,7,2,2,0,5.21,-0.1859,-0.012,11,16,9,14,13,11,13,6,14,6,11,2,1,1,0,0,0,11,0,6,0,0,0,8,4,8,5,1,1,0,1,0,0,1,1,0,1,0,0.184,0.333,0.263,0.596,0.079,0.269
38318,Juan Largaespada,1B,MTL,25,189,L,R,7,32,111,129,17,7,0,8,22,1,0,30,16,2,1,1,4.51,0.0056,1.3068,11,15,14,11,11,14,13,18,4,12,11,16,2,2,0,0,18,0,15,0,13,0,0,7,14,18,4,1,1,0,0,0,1,0,1,0,1,0,0.288,0.380,0.568,0.947,0.279,0.324
39001,Chris Yarger,3B,VAN,29,187,R,R,10,32,120,137,23,10,0,2,14,0,0,29,12,3,5,0,4.25,-0.2956,0.7983,17,18,17,12,16,9,13,20,9,5,9,15,1,1,0,0,0,0,14,0,0,0,0,5,10,4,2,1,0,1,1,0,1,0,1,0,1,0,0.292,0.380,0.425,0.805,0.133,0.371
19516,Jorge Vergara,RF,NYM,23,185,R,R,7,30,117,128,12,3,1,7,14,0,0,36,11,0,0,1,3.91,-0.5987,0.1563,15,15,17,14,12,11,15,16,20,14,12,18,1,2,0,0,9,0,8,6,0,11,17,5,1,4,11,1,1,0,1,0,1,0,1,0,1,0,0.197,0.266,0.419,0.684,0.222,0.216
20567,Ed Harris,RF,BOS,29,182,R,R,11,20,38,42,6,1,0,3,8,1,0,10,2,3,1,0,4.42,-0.0306,0.1967,13,14,16,10,13,1,2,12,1,9,15,19,1,1,0,0,0,0,0,0,12,0,12,1,15,20,7,1,0,1,1,0,0,1,0,0,0,0,0.263,0.310,0.526,0.836,0.263,0.269
41051,Luis Mikus,RF,VAN,23,197,L,L,6,29,89,101,8,5,0,4,10,0,1,22,10,4,1,0,3.88,-0.0824,-0.1409,14,16,15,10,12,1,2,9,1,10,18,18,1,1,0,0,0,0,0,0,0,0,13,6,5,1,4,1,1,0,1,0,1,0,1,0,1,0,0.191,0.280,0.382,0.662,0.191,0.206
36918,Phil Langan,C,MTL,25,182,L,R,7,6,20,23,5,2,0,0,4,2,0,6,0,1,1,0,4.25,-0.0783,0.144,11,15,12,8,12,1,2,4,3,1,4,3,12,9,0,7,0,0,0,0,0,0,0,1,1,5,3,1,1,0,1,0,1,0,1,0,0,1,0.350,0.348,0.450,0.798,0.100,0.438
43005,Quintin Yaag,CF,SF,27,186,R,R,11,31,114,128,16,2,2,4,18,2,0,52,12,1,0,1,4.54,-0.0534,0.1577,9,13,11,11,9,12,9,8,11,19,19,17,1,1,0,0,0,0,0,0,8,19,18,19,20,20,8,8,1,0,1,0,0,0,0,1,1,0,0.211,0.281,0.368,0.650,0.158,0.333
39253,Steve Gertz,3B,PHI,25,194,L,R,7,29,116,136,13,8,0,6,13,1,0,24,18,0,1,1,4.59,0.6877,0.3518,17,17,16,14,16,9,10,19,7,5,12,15,1,1,0,0,0,0,12,0,0,0,0,18,13,17,6,2,0,1,0,1,1,0,1,0,1,0,0.233,0.338,0.457,0.795,0.224,0.241
23091,Kinnon Yarrigle,2B,FLA,24,187,R,R,7,20,19,20,2,1,0,1,1,0,0,7,0,0,1,0,4.26,-0.0954,0.047,10,18,10,13,10,9,14,10,20,6,9,6,1,1,0,0,9,13,0,4,0,0,0,18,19,20,5,6,1,0,0,1,1,0,1,0,1,0,0.211,0.250,0.421,0.671,0.211,0.273
37930,Zi-yang Dou,2B,MTL,23,189,R,R,5,31,120,132,13,8,2,3,13,0,0,35,11,4,1,1,4.24,-0.4254,-0.0215,11,17,14,8,12,12,15,9,18,8,13,5,1,1,0,0,0,14,0,1,0,0,0,18,12,6,6,8,1,0,0,1,1,0,0,1,0,0,0.217,0.288,0.392,0.680,0.175,0.280
39863,Jorge Fabela,2B,NYM,29,189,R,R,8,19,64,75,5,2,0,5,12,0,0,23,10,2,1,0,4.67,0.2634,0.5515,12,15,16,13,13,15,15,11,17,10,12,8,1,1,0,0,0,17,0,13,0,0,0,12,18,14,8,1,0,1,1,0,1,0,1,0,1,0,0.188,0.307,0.453,0.760,0.266,0.194
41598,Juan Rojas,1B,BOS,25,189,L,L,8,30,120,133,10,11,0,14,28,0,0,38,8,5,5,0,4.15,0.6321,1.7216,14,16,19,12,10,9,8,6,3,3,5,3,1,1,0,0,15,0,0,0,0,0,0,8,2,3,6,1,0,0,0,1,1,0,0,1,0,1,0.292,0.361,0.733,1.094,0.442,0.309
43664,Jorge Rivera,LF,CAR,24,190,L,L,9,22,63,64,14,4,2,3,11,0,0,9,1,1,0,0,3.40,0.5447,0.6492,17,17,7,5,19,8,8,4,1,10,14,13,1,1,0,0,0,0,0,0,8,0,10,19,19,20,19,12,0,0,0,1,0,1,1,0,1,0,0.365,0.375,0.635,1.010,0.270,0.392
40123,Jamie Severson,SS,LVS,24,182,R,R,6,31,114,121,23,7,1,1,13,1,0,28,6,1,0,0,3.82,0.5821,0.3539,10,14,9,9,13,16,20,17,20,3,10,13,1,1,0,0,0,5,11,18,0,0,0,6,6,8,8,3,1,0,1,0,1,0,1,0,1,0,0.281,0.314,0.386,0.700,0.105,0.360
22701,Ed Kiedrowski,3B,MTL,29,182,S,R,11,29,107,122,30,6,0,7,24,2,0,13,13,3,0,0,4.43,1.2128,2.0524,13,14,13,11,16,7,14,18,8,1,8,14,1,1,0,0,0,0,12,0,0,0,0,1,5,1,13,1,1,0,0,1,1,0,1,0,1,0,0.402,0.459,0.654,1.113,0.252,0.404
38766,Ernesto Albarran,CF,CLE,25,194,L,L,7,29,121,133,26,13,1,1,16,0,1,8,10,1,1,0,3.55,0.7067,1.169,18,18,2,9,20,12,12,15,2,17,16,20,1,1,0,0,0,0,0,0,0,15,20,18,19,16,19,14,1,0,1,0,1,0,1,0,1,0,0.339,0.394,0.488,0.882,0.149,0.357
40552,Ernesto Lara,LF,CLE,23,179,L,L,6,26,87,106,12,4,0,8,21,0,0,21,18,4,1,0,4.60,1.3135,1.1778,13,14,15,11,12,7,7,3,1,13,14,13,1,1,0,0,6,0,0,0,16,0,0,5,1,2,4,1,1,0,1,0,1,0,1,0,1,0,0.276,0.406,0.598,1.003,0.322,0.276
43056,Hee-joon Joung,1B,ARI,34,190,R,R,14,31,117,133,16,4,0,8,22,0,0,29,14,4,2,0,4.36,0.0805,0.6785,12,15,15,11,14,6,9,6,1,2,7,5,1,1,0,0,12,0,0,0,0,0,0,2,6,3,2,2,0,0,0,0,1,0,1,0,1,0,0.239,0.331,0.479,0.809,0.239,0.250
41457,Luis Gamez,LF,CAR,28,185,L,L,12,16,22,25,3,0,0,0,1,0,0,6,3,1,0,1,4.00,-0.089,-0.1612,11,13,6,9,13,5,6,4,2,16,14,12,1,1,0,0,0,0,0,0,19,14,10,17,3,7,18,11,1,0,1,0,1,0,0,0,1,0,0.136,0.240,0.136,0.376,0.000,0.188
32381,Carol Ruijs,CF,STL,25,192,L,L,8,31,121,136,12,10,3,5,13,1,1,24,13,1,0,0,4.18,-0.2328,0.942,16,19,16,10,16,10,8,4,1,16,20,15,1,1,0,0,0,0,0,0,0,15,0,19,20,12,4,1,1,0,1,0,1,0,1,0,1,0,0.248,0.319,0.504,0.823,0.256,0.269
35513,Ismael Aguirre,SS,CIN,25,184,R,R,7,32,118,136,24,4,0,2,14,1,0,27,17,2,0,0,5.13,-0.07,0.6201,11,12,7,16,14,17,13,15,18,4,8,14,1,1,0,0,0,11,0,15,0,0,0,18,20,17,10,4,1,0,1,0,1,0,1,0,1,0,0.254,0.346,0.339,0.685,0.085,0.311
43531,Sergio Aldaco,3B,OAK,28,190,L,R,12,22,60,77,8,2,0,2,5,0,0,17,16,1,1,0,6.03,-0.4507,0.4268,10,14,14,18,12,7,10,17,4,5,9,18,1,1,0,0,0,0,10,0,0,0,0,9,17,15,6,6,1,0,1,0,1,0,1,0,1,0,0.200,0.377,0.333,0.710,0.133,0.244
20837,Butch Kelter,C,STL,30,184,R,R,9,29,94,105,14,9,0,4,19,0,0,31,11,0,0,1,4.41,1.1985,1.1803,12,17,15,12,13,4,6,6,3,1,5,5,11,11,0,10,0,0,0,0,0,0,0,3,5,7,4,1,1,0,1,0,1,0,1,0,1,0,0.287,0.362,0.511,0.873,0.223,0.390
28067,Luis Almanzar,3B,OAK,35,183,R,R,25,17,47,51,9,3,0,2,7,1,0,15,3,0,0,0,3.96,0.1928,0.2735,12,11,12,11,10,7,17,19,19,1,1,1,1,1,0,0,0,8,15,0,0,0,0,14,20,17,14,6,1,0,1,0,1,0,1,0,1,0,0.298,0.333,0.489,0.823,0.191,0.387
41099,Eric Fitzgerald,C,CHC,28,186,R,R,10,17,53,58,7,1,0,2,5,0,0,21,5,1,0,0,4.21,-0.5307,0.0053,7,9,9,9,9,1,8,7,1,1,8,6,12,16,0,15,0,0,0,0,0,0,0,1,2,1,15,1,1,0,1,0,0,0,1,0,1,0,0.189,0.259,0.321,0.579,0.132,0.267
42161,Rogelio Ortega,2B,CHC,30,189,R,R,14,18,38,41,5,2,0,0,2,0,0,14,3,0,0,0,4.18,-0.2003,-0.2009,10,17,4,9,13,15,17,17,16,9,17,15,1,1,0,0,0,18,0,14,0,0,8,17,20,20,12,4,0,1,0,1,0,1,1,0,1,0,0.184,0.244,0.237,0.481,0.053,0.292
19650,Jorge Cabrera,SS,NSH,26,186,R,R,10,20,39,42,4,1,0,1,2,0,0,13,3,1,0,0,4.15,-0.4749,-0.1405,10,11,5,10,11,16,20,20,20,9,13,20,1,1,0,0,0,16,20,18,0,0,11,17,16,12,11,7,1,0,0,1,0,1,1,0,1,0,0.154,0.214,0.256,0.471,0.103,0.200
35033,Kevin Dusek,CF,ATL,28,188,R,R,11,31,133,143,20,9,0,8,15,0,0,36,9,2,1,0,4.26,0.0304,1.1741,14,18,14,10,13,3,3,7,2,15,16,12,1,1,0,0,0,0,0,0,12,12,14,15,14,16,6,1,1,0,1,0,1,0,1,0,1,0,0.278,0.329,0.526,0.855,0.248,0.326
20907,Chris Simmons,C,SEA,26,194,R,R,9,27,92,108,10,5,0,5,15,1,1,25,10,3,4,0,4.09,0.0104,0.6375,12,14,14,11,13,6,2,3,2,1,2,2,15,9,0,12,0,0,0,0,0,0,0,8,1,1,16,1,1,0,0,1,1,0,1,0,1,0,0.217,0.318,0.435,0.753,0.217,0.238
